2012-10-17 23:56:01,1800,81324,03:01:29,01:10:31
2012-10-18 01:07:01,1800,79524,05:18:18,02:16:20
2012-10-18 03:24:01,1800,77724,05:19:53,00:00:55
2012-10-18 03:25:01,1800,75924,05:21:40,00:01:42
2012-10-18 03:27:01,1800,74124,05:23:09,00:01:11
2012-10-18 03:29:01,1800,72324,05:24:54,00:00:56
2012-10-18 03:30:01,1800,70524,05:26:12,00:01:14
2012-10-18 03:32:01,1800,68724,05:28:00,00:01:02
2012-10-18 03:34:01,1800,66924,05:29:54,00:00:56
2012-10-18 03:35:01,1800,65124,05:31:16,00:01:18
2012-10-18 03:37:01,1800,63324,05:32:54,00:00:56
2012-10-18 03:38:01,1800,61524,05:33:56,00:00:58
2012-10-18 03:39:01,1800,59724,05:34:54,00:00:56
2012-10-18 03:40:01,1800,57924,05:36:41,00:01:43
2012-10-18 03:42:01,1800,56124,05:38:19,00:01:21
2012-10-18 03:44:01,1800,54324,05:39:55,00:00:57
2012-10-18 03:45:01,1800,52524,05:40:54,00:00:56
2012-10-18 03:46:01,1800,50724,05:41:54,00:00:56
2012-10-18 03:47:01,1800,48924,05:42:59,00:01:01
2012-10-18 03:49:01,1800,47124,05:44:53,00:00:55
2012-10-18 03:50:02,1800,45324,05:45:54,00:00:55
2012-10-18 03:51:01,1800,43524,05:46:53,00:00:55
2012-10-18 03:52:01,1800,41724,05:47:54,00:00:55
2012-10-18 03:53:01,1800,39924,05:48:53,00:00:55
2012-10-18 03:54:01,1800,38124,05:49:53,00:00:55
2012-10-18 03:55:01,1800,36324,05:51:44,00:01:46
2012-10-18 03:57:01,1800,34524,05:53:09,00:01:11
2012-10-18 03:59:01,1800,32724,05:54:54,00:00:56
2012-10-18 04:00:01,1800,30924,05:55:54,00:00:56
2012-10-18 04:01:01,1800,29124,05:56:54,00:00:56
2012-10-18 04:02:01,1800,27324,05:57:56,00:00:58
2012-10-18 04:03:01,1800,25524,05:58:53,00:00:55
2012-10-18 04:04:01,1800,23724,05:59:54,00:00:56
2012-10-18 04:05:01,1800,21924,09:27:45,03:27:47
2012-10-18 07:33:01,1800,20124,09:28:54,00:00:56
2012-10-18 07:34:01,1800,18324,09:29:54,00:00:56
2012-10-18 07:35:01,1800,16524,09:31:09,00:01:11
2012-10-18 07:37:01,1800,14724,09:33:00,00:01:02
2012-10-18 07:39:01,1800,12924,09:34:54,00:00:56
2012-10-18 07:40:01,1800,11124,09:36:46,00:01:48
2012-10-18 07:42:02,1800,9324,09:38:11,00:01:12
2012-10-18 07:44:02,1800,7524,09:39:55,00:00:56
2012-10-18 07:45:01,1800,5724,09:40:55,00:00:57
2012-10-18 07:46:01,1800,3924,09:41:54,00:00:56
2012-10-18 07:47:01,1800,2124,09:42:57,00:00:59
2012-10-18 07:48:01,1800,324,09:43:55,00:00:57
2012-10-18 07:49:01,324,0,09:44:08,00:00:10
2012-10-18 07:50:01,0,0,00:00:00,00:00:00
2012-10-18 07:51:02,0,0,00:00:00,00:00:00
2012-10-18 07:52:01,0,0,00:00:00,00:00:00
2012-10-18 07:53:01,0,0,00:00:00,00:00:00
2012-10-18 07:54:01,0,0,00:00:00,00:00:00
2012-10-18 07:55:01,0,0,00:00:00,00:00:00
2012-10-18 07:56:01,0,0,00:00:00,00:00:00
2012-10-18 07:57:01,0,0,00:00:00,00:00:00
2012-10-18 07:58:01,0,0,00:00:00,00:00:00
2012-10-18 07:59:01,0,0,00:00:00,00:00:00
2012-10-18 08:00:01,0,0,00:00:00,00:00:00
2012-10-18 08:01:02,0,0,00:00:00,00:00:00
2012-10-18 08:02:01,0,0,00:00:00,00:00:00
2012-10-18 08:03:01,0,0,00:00:00,00:00:00
2012-10-18 08:04:01,0,0,00:00:00,00:00:00
2012-10-18 08:05:01,0,0,00:00:00,00:00:00
2012-10-18 08:06:01,0,0,00:00:00,00:00:00
2012-10-18 08:07:01,0,0,00:00:00,00:00:00
2012-10-18 08:08:01,0,0,00:00:00,00:00:00
2012-10-18 08:09:01,0,0,00:00:00,00:00:00
2012-10-18 08:10:01,0,0,00:00:00,00:00:00
2012-10-18 08:11:01,0,0,00:00:00,00:00:00
2012-10-18 08:12:02,0,0,00:00:00,00:00:00
2012-10-18 08:13:01,0,0,00:00:00,00:00:00
2012-10-18 08:14:01,0,0,00:00:00,00:00:00
2012-10-18 08:15:01,0,0,00:00:00,00:00:00
2012-10-18 08:16:01,0,0,00:00:00,00:00:00
2012-10-18 08:17:01,0,0,00:00:00,00:00:00
2012-10-18 08:18:01,0,0,00:00:00,00:00:00
2012-10-18 08:19:01,0,0,00:00:00,00:00:00
2012-10-18 08:20:01,0,0,00:00:00,00:00:00
2012-10-18 08:21:01,0,0,00:00:00,00:00:00
2012-10-18 08:22:01,0,0,00:00:00,00:00:00
2012-10-18 08:23:02,0,0,00:00:00,00:00:00
2012-10-18 08:24:01,0,0,00:00:00,00:00:00
2012-10-18 08:25:01,0,0,00:00:00,00:00:00
2012-10-18 08:26:01,0,0,00:00:00,00:00:00
2012-10-18 08:27:01,0,0,00:00:00,00:00:00
2012-10-18 08:28:01,0,0,00:00:00,00:00:00
2012-10-18 08:29:01,0,0,00:00:00,00:00:00
2012-10-18 08:30:01,0,0,00:00:00,00:00:00
2012-10-18 08:31:01,0,0,00:00:00,00:00:00
2012-10-18 08:32:01,0,0,00:00:00,00:00:00
2012-10-18 08:33:02,0,0,00:00:00,00:00:00
2012-10-18 08:34:01,0,0,00:00:00,00:00:00
2012-10-18 08:35:01,0,0,00:00:00,00:00:00
2012-10-18 08:36:01,0,0,00:00:00,00:00:00
2012-10-18 08:37:01,0,0,00:00:00,00:00:00
2012-10-18 08:38:01,0,0,00:00:00,00:00:00
2012-10-18 08:39:01,0,0,00:00:00,00:00:00
2012-10-18 08:40:01,0,0,00:00:00,00:00:00
2012-10-18 08:41:01,0,0,00:00:00,00:00:00
2012-10-18 08:42:01,0,0,00:00:00,00:00:00
2012-10-18 08:43:02,0,0,00:00:00,00:00:00
2012-10-18 08:44:01,0,0,00:00:00,00:00:00
2012-10-18 08:45:01,0,0,00:00:00,00:00:00
2012-10-18 08:46:01,0,0,00:00:00,00:00:00
2012-10-18 08:47:01,0,0,00:00:00,00:00:00
2012-10-18 08:48:01,0,0,00:00:00,00:00:00
2012-10-18 08:49:01,0,0,00:00:00,00:00:00
2012-10-18 08:50:01,0,0,00:00:00,00:00:00
2012-10-18 08:51:01,0,0,00:00:00,00:00:00
2012-10-18 08:52:01,0,0,00:00:00,00:00:00
2012-10-18 08:53:01,0,0,00:00:00,00:00:00
2012-10-18 08:54:02,0,0,00:00:00,00:00:00
2012-10-18 08:55:01,0,0,00:00:00,00:00:00
2012-10-18 08:56:01,0,0,00:00:00,00:00:00
2012-10-18 08:57:01,0,0,00:00:00,00:00:00
2012-10-18 08:58:01,0,0,00:00:00,00:00:00
2012-10-18 08:59:01,0,0,00:00:00,00:00:00
2012-10-18 09:00:01,0,0,00:00:00,00:00:00
2012-10-18 09:01:01,0,0,00:00:00,00:00:00
2012-10-18 09:02:01,0,0,00:00:00,00:00:00
2012-10-18 09:03:01,0,0,00:00:00,00:00:00
2012-10-18 09:04:01,0,0,00:00:00,00:00:01
2012-10-18 09:05:01,0,0,00:00:00,00:00:00
2012-10-18 09:06:01,0,0,00:00:00,00:00:00
2012-10-18 09:07:01,0,0,00:00:00,00:00:00
2012-10-18 09:08:01,0,0,00:00:00,00:00:00
2012-10-18 09:09:01,0,0,00:00:00,00:00:00
2012-10-18 09:10:01,0,0,00:00:00,00:00:00
2012-10-18 09:11:01,0,0,00:00:00,00:00:00
2012-10-18 09:12:01,0,0,00:00:00,00:00:00
2012-10-18 09:13:01,0,0,00:00:00,00:00:00
2012-10-18 09:14:01,0,0,00:00:00,00:00:00
2012-10-18 09:15:02,0,0,00:00:00,00:00:00
2012-10-18 09:16:01,0,0,00:00:00,00:00:00
2012-10-18 09:17:01,0,0,00:00:00,00:00:00
2012-10-18 09:18:01,0,0,00:00:00,00:00:00
2012-10-18 09:19:01,0,0,00:00:00,00:00:00
2012-10-18 09:20:01,0,0,00:00:00,00:00:00
2012-10-18 09:21:01,0,0,00:00:00,00:00:00
2012-10-18 09:22:01,0,0,00:00:00,00:00:00
2012-10-18 09:23:01,0,0,00:00:00,00:00:00
2012-10-18 09:24:01,0,0,00:00:00,00:00:00
2012-10-18 09:25:01,0,0,00:00:00,00:00:00
2012-10-18 09:26:02,0,0,00:00:00,00:00:00
2012-10-18 09:27:01,0,0,00:00:00,00:00:00
2012-10-18 09:28:01,0,0,00:00:00,00:00:00
2012-10-18 09:29:01,0,0,00:00:00,00:00:00
2012-10-18 09:30:01,0,0,00:00:00,00:00:00
2012-10-18 09:31:01,0,0,00:00:00,00:00:00
2012-10-18 09:32:01,0,0,00:00:00,00:00:00
2012-10-18 09:33:01,0,0,00:00:00,00:00:00
2012-10-18 09:34:01,0,0,00:00:00,00:00:00
2012-10-18 09:35:01,0,0,00:00:00,00:00:00
2012-10-18 09:36:01,0,0,00:00:00,00:00:01
2012-10-18 09:37:01,0,0,00:00:00,00:00:00
2012-10-18 09:38:01,0,0,00:00:00,00:00:00
2012-10-18 09:39:01,0,0,00:00:00,00:00:00
2012-10-18 09:40:01,0,0,00:00:00,00:00:00
2012-10-18 09:41:01,0,0,00:00:00,00:00:00
2012-10-18 09:42:01,0,0,00:00:00,00:00:00
2012-10-18 09:43:01,0,0,00:00:00,00:00:00
2012-10-18 09:44:01,0,0,00:00:00,00:00:00
2012-10-18 09:45:01,0,0,00:00:00,00:00:00
2012-10-18 09:46:01,0,0,00:00:00,00:00:00
2012-10-18 09:47:02,0,0,00:00:00,00:00:00
2012-10-18 09:48:01,0,0,00:00:00,00:00:00
2012-10-18 09:49:01,0,0,00:00:00,00:00:00
2012-10-18 09:50:01,0,0,00:00:00,00:00:00
2012-10-18 09:51:01,0,0,00:00:00,00:00:00
2012-10-18 09:52:01,0,0,00:00:00,00:00:00
2012-10-18 09:53:01,0,0,00:00:00,00:00:00
2012-10-18 09:54:01,0,0,00:00:00,00:00:00
2012-10-18 09:55:01,0,0,00:00:00,00:00:00
2012-10-18 09:56:01,0,0,00:00:00,00:00:00
2012-10-18 09:57:01,0,0,00:00:00,00:00:00
2012-10-18 09:58:02,0,0,00:00:00,00:00:00
2012-10-18 09:59:01,0,0,00:00:00,00:00:00
2012-10-18 10:00:01,0,0,00:00:00,00:00:00
2012-10-18 10:01:01,0,0,00:00:00,00:00:00
2012-10-18 10:02:01,0,0,00:00:00,00:00:00
2012-10-18 10:03:01,0,0,00:00:00,00:00:00
2012-10-18 10:04:01,0,0,00:00:00,00:00:00
2012-10-18 10:05:01,0,0,00:00:00,00:00:00
2012-10-18 10:06:01,0,0,00:00:00,00:00:00
2012-10-18 10:07:01,0,0,00:00:00,00:00:00
2012-10-18 10:08:01,0,0,00:00:00,00:00:00
2012-10-18 10:09:01,0,0,00:00:00,00:00:00
2012-10-18 10:10:01,0,0,00:00:00,00:00:00
2012-10-18 10:11:01,0,0,00:00:00,00:00:00
2012-10-18 10:12:01,0,0,00:00:00,00:00:00
2012-10-18 10:13:01,0,0,00:00:00,00:00:00
2012-10-18 10:14:01,0,0,00:00:00,00:00:00
2012-10-18 10:15:01,0,0,00:00:00,00:00:00
2012-10-18 10:16:01,0,0,00:00:00,00:00:00
2012-10-18 10:17:02,0,0,00:00:00,00:00:00
2012-10-18 10:18:01,0,0,00:00:00,00:00:00
2012-10-18 10:19:01,0,0,00:00:00,00:00:00
2012-10-18 10:20:01,0,0,00:00:00,00:00:00
2012-10-18 10:21:01,0,0,00:00:00,00:00:00
2012-10-18 10:22:01,0,0,00:00:00,00:00:00
2012-10-18 10:23:01,0,0,00:00:00,00:00:00
2012-10-18 10:24:01,0,0,00:00:00,00:00:00
2012-10-18 10:25:01,0,0,00:00:00,00:00:00
2012-10-18 10:26:01,0,0,00:00:00,00:00:00
2012-10-18 10:27:02,0,0,00:00:00,00:00:00
2012-10-18 10:28:01,0,0,00:00:00,00:00:00
2012-10-18 10:29:01,0,0,00:00:00,00:00:00
2012-10-18 10:30:01,0,0,00:00:00,00:00:00
2012-10-18 10:31:01,0,0,00:00:00,00:00:00
2012-10-18 10:32:01,0,0,00:00:00,00:00:00
2012-10-18 10:33:01,0,0,00:00:00,00:00:00
2012-10-18 10:34:01,0,0,00:00:00,00:00:00
2012-10-18 10:35:01,0,0,00:00:00,00:00:00
2012-10-18 10:36:01,0,0,00:00:00,00:00:00
2012-10-18 10:37:02,0,0,00:00:00,00:00:00
2012-10-18 10:38:01,0,0,00:00:00,00:00:00
2012-10-18 10:39:01,0,0,00:00:00,00:00:00
2012-10-18 10:40:01,0,0,00:00:00,00:00:00
2012-10-18 10:41:01,0,0,00:00:00,00:00:00
2012-10-18 10:42:01,0,0,00:00:00,00:00:00
2012-10-18 10:43:01,0,0,00:00:00,00:00:00
2012-10-18 10:44:01,0,0,00:00:00,00:00:00
2012-10-18 10:45:01,0,0,00:00:00,00:00:00
2012-10-18 10:46:01,0,0,00:00:00,00:00:00
2012-10-18 10:47:01,0,0,00:00:00,00:00:01
2012-10-18 10:48:01,0,0,00:00:00,00:00:00
2012-10-18 10:49:01,0,0,00:00:00,00:00:00
2012-10-18 10:50:01,0,0,00:00:00,00:00:00
2012-10-18 10:51:01,0,0,00:00:00,00:00:00
2012-10-18 10:52:01,0,0,00:00:00,00:00:00
2012-10-18 10:53:01,0,0,00:00:00,00:00:00
2012-10-18 10:54:01,0,0,00:00:00,00:00:00
2012-10-18 10:55:01,0,0,00:00:00,00:00:00
2012-10-18 10:56:01,0,0,00:00:00,00:00:00
2012-10-18 10:57:01,0,0,00:00:00,00:00:00
2012-10-18 10:58:02,0,0,00:00:00,00:00:00
2012-10-18 10:59:01,0,0,00:00:00,00:00:00
2012-10-18 11:00:01,0,0,00:00:00,00:00:00
2012-10-18 11:01:01,0,0,00:00:00,00:00:00
2012-10-18 11:02:01,0,0,00:00:00,00:00:00
2012-10-18 11:03:01,0,0,00:00:00,00:00:00
2012-10-18 11:04:01,0,0,00:00:00,00:00:00
2012-10-18 11:05:01,0,0,00:00:00,00:00:00
2012-10-18 11:06:01,0,0,00:00:00,00:00:00
2012-10-18 11:07:01,0,0,00:00:00,00:00:00
2012-10-18 11:08:01,0,0,00:00:00,00:00:00
2012-10-18 11:09:02,0,0,00:00:00,00:00:00
2012-10-18 11:10:01,0,0,00:00:00,00:00:00
2012-10-18 11:11:01,0,0,00:00:00,00:00:00
2012-10-18 11:12:01,0,0,00:00:00,00:00:00
2012-10-18 11:13:01,0,0,00:00:00,00:00:00
2012-10-18 11:14:01,0,0,00:00:00,00:00:00
2012-10-18 11:15:01,0,0,00:00:00,00:00:00
2012-10-18 11:16:01,0,0,00:00:00,00:00:00
2012-10-18 11:17:01,0,0,00:00:00,00:00:00
2012-10-18 11:18:01,0,0,00:00:00,00:00:00
2012-10-18 11:19:02,0,0,00:00:00,00:00:00
2012-10-18 11:20:01,0,0,00:00:00,00:00:00
2012-10-18 11:21:01,0,0,00:00:00,00:00:00
2012-10-18 11:22:01,0,0,00:00:00,00:00:00
2012-10-18 11:23:01,0,0,00:00:00,00:00:00
2012-10-18 11:24:01,0,0,00:00:00,00:00:00
2012-10-18 11:25:01,0,0,00:00:00,00:00:00
2012-10-18 11:26:01,0,0,00:00:00,00:00:00
2012-10-18 11:27:01,0,0,00:00:00,00:00:00
2012-10-18 11:28:01,0,0,00:00:00,00:00:00
2012-10-18 11:29:01,0,0,00:00:00,00:00:00
2012-10-18 11:30:02,0,0,00:00:00,00:00:00
2012-10-18 11:31:01,0,0,00:00:00,00:00:00
2012-10-18 11:32:01,0,0,00:00:00,00:00:00
2012-10-18 11:33:01,0,0,00:00:00,00:00:00
2012-10-18 11:34:01,0,0,00:00:00,00:00:00
2012-10-18 11:35:01,1800,4429,00:02:21,00:01:50
2012-10-18 11:37:01,1800,2629,00:04:03,00:01:32
2012-10-18 11:39:01,1800,829,00:05:33,00:01:02
2012-10-18 11:41:01,829,0,00:07:02,00:00:31
2012-10-18 11:42:01,0,0,00:00:00,00:00:00
2012-10-18 11:43:01,0,0,00:00:00,00:00:00
2012-10-18 11:44:01,0,0,00:00:00,00:00:00
2012-10-18 11:45:01,0,0,00:00:00,00:00:00
2012-10-18 11:46:01,0,0,00:00:00,00:00:00
2012-10-18 11:47:01,0,0,00:00:00,00:00:00
2012-10-18 11:48:01,0,0,00:00:00,00:00:00
2012-10-18 11:49:01,0,0,00:00:00,00:00:00
2012-10-18 11:50:01,0,0,00:00:00,00:00:00
2012-10-18 11:51:01,0,0,00:00:00,00:00:00
2012-10-18 11:52:01,0,0,00:00:00,00:00:00
2012-10-18 11:53:01,0,0,00:00:00,00:00:00
2012-10-18 11:54:01,0,0,00:00:00,00:00:00
2012-10-18 11:55:01,0,0,00:00:00,00:00:00
2012-10-18 11:56:01,0,0,00:00:00,00:00:00
2012-10-18 11:57:01,0,0,00:00:00,00:00:00
2012-10-18 11:58:01,0,0,00:00:00,00:00:00
2012-10-18 11:59:01,0,0,00:00:00,00:00:00
2012-10-18 12:00:01,0,0,00:00:00,00:00:00
2012-10-18 12:01:01,0,0,00:00:00,00:00:00
2012-10-18 12:02:01,0,0,00:00:00,00:00:00
2012-10-18 12:03:02,0,0,00:00:00,00:00:00
2012-10-18 12:04:01,0,0,00:00:00,00:00:00
2012-10-18 12:05:01,0,0,00:00:00,00:00:00
2012-10-18 12:06:01,0,0,00:00:00,00:00:00
2012-10-18 12:07:01,0,0,00:00:00,00:00:00
2012-10-18 12:08:01,0,0,00:00:00,00:00:00
2012-10-18 12:09:01,0,0,00:00:00,00:00:00
2012-10-18 12:10:01,0,0,00:00:00,00:00:00
2012-10-18 12:11:01,0,0,00:00:00,00:00:00
2012-10-18 12:12:01,0,0,00:00:00,00:00:00
2012-10-18 12:13:01,0,0,00:00:00,00:00:00
2012-10-18 12:14:02,0,0,00:00:00,00:00:00
2012-10-18 12:15:01,0,0,00:00:00,00:00:00
2012-10-18 12:16:01,0,0,00:00:00,00:00:00
2012-10-18 12:17:01,0,0,00:00:00,00:00:00
2012-10-18 12:18:01,0,0,00:00:00,00:00:00
2012-10-18 12:19:01,0,0,00:00:00,00:00:00
2012-10-18 12:20:01,0,0,00:00:00,00:00:00
2012-10-18 12:21:01,0,0,00:00:00,00:00:00
2012-10-18 12:22:01,0,0,00:00:00,00:00:00
2012-10-18 12:23:01,0,0,00:00:00,00:00:00
2012-10-18 12:24:01,0,0,00:00:00,00:00:00
2012-10-18 12:25:01,0,0,00:00:00,00:00:00
2012-10-18 12:26:02,0,0,00:00:00,00:00:00
2012-10-18 12:27:01,0,0,00:00:00,00:00:00
2012-10-18 12:28:01,0,0,00:00:00,00:00:00
2012-10-18 12:29:01,0,0,00:00:00,00:00:00
2012-10-18 12:30:01,0,0,00:00:00,00:00:00
2012-10-18 12:31:01,0,0,00:00:00,00:00:00
2012-10-18 12:32:01,0,0,00:00:00,00:00:00
2012-10-18 12:33:01,0,0,00:00:00,00:00:00
2012-10-18 12:34:01,0,0,00:00:00,00:00:00
2012-10-18 12:35:01,0,0,00:00:00,00:00:00
2012-10-18 12:36:01,0,0,00:00:00,00:00:00
2012-10-18 12:37:02,0,0,00:00:00,00:00:00
2012-10-18 12:38:01,0,0,00:00:00,00:00:00
2012-10-18 12:39:01,0,0,00:00:00,00:00:00
2012-10-18 12:40:01,0,0,00:00:00,00:00:00
2012-10-18 12:41:01,0,0,00:00:00,00:00:00
2012-10-18 12:42:01,0,0,00:00:00,00:00:00
2012-10-18 12:43:01,0,0,00:00:00,00:00:00
2012-10-18 12:44:01,0,0,00:00:00,00:00:00
2012-10-18 12:45:01,0,0,00:00:00,00:00:00
2012-10-18 12:46:01,0,0,00:00:00,00:00:00
2012-10-18 12:47:01,0,0,00:00:00,00:00:00
2012-10-18 12:48:02,0,0,00:00:00,00:00:00
2012-10-18 12:49:01,0,0,00:00:00,00:00:00
2012-10-18 12:50:01,0,0,00:00:00,00:00:00
2012-10-18 12:51:01,0,0,00:00:00,00:00:00
2012-10-18 12:52:01,0,0,00:00:00,00:00:00
2012-10-18 12:53:01,0,0,00:00:00,00:00:00
2012-10-18 12:54:01,0,0,00:00:00,00:00:00
2012-10-18 12:55:01,0,0,00:00:00,00:00:00
2012-10-18 12:56:01,0,0,00:00:00,00:00:00
2012-10-18 12:57:01,0,0,00:00:00,00:00:00
2012-10-18 12:58:01,0,0,00:00:00,00:00:00
2012-10-18 12:59:02,0,0,00:00:00,00:00:00
2012-10-18 13:00:01,0,0,00:00:00,00:00:00
2012-10-18 13:01:01,0,0,00:00:00,00:00:00
2012-10-18 13:02:01,0,0,00:00:00,00:00:00
2012-10-18 13:03:01,0,0,00:00:00,00:00:00
2012-10-18 13:04:01,0,0,00:00:00,00:00:00
2012-10-18 13:05:01,0,0,00:00:00,00:00:00
2012-10-18 13:06:01,0,0,00:00:00,00:00:00
2012-10-18 13:07:01,0,0,00:00:00,00:00:00
2012-10-18 13:08:01,0,0,00:00:00,00:00:00
2012-10-18 13:09:01,0,0,00:00:00,00:00:00
2012-10-18 13:10:02,0,0,00:00:00,00:00:00
2012-10-18 13:11:01,0,0,00:00:00,00:00:00
2012-10-18 13:12:01,0,0,00:00:00,00:00:00
2012-10-18 13:13:01,0,0,00:00:00,00:00:00
2012-10-18 13:14:01,0,0,00:00:00,00:00:00
2012-10-18 13:15:01,0,0,00:00:00,00:00:00
2012-10-18 13:16:01,0,0,00:00:00,00:00:00
2012-10-18 13:17:01,0,0,00:00:00,00:00:00
2012-10-18 13:18:01,0,0,00:00:00,00:00:00
2012-10-18 13:19:01,0,0,00:00:00,00:00:00
2012-10-18 13:20:01,0,0,00:00:00,00:00:00
2012-10-18 13:21:01,0,0,00:00:00,00:00:00
2012-10-18 13:22:01,0,0,00:00:00,00:00:00
2012-10-18 13:23:01,0,0,00:00:00,00:00:00
2012-10-18 13:24:01,0,0,00:00:00,00:00:00
2012-10-18 13:25:01,0,0,00:00:00,00:00:00
2012-10-18 13:26:01,0,0,00:00:00,00:00:00
2012-10-18 13:27:01,0,0,00:00:00,00:00:00
2012-10-18 13:28:01,0,0,00:00:00,00:00:00
2012-10-18 13:29:01,0,0,00:00:00,00:00:00
2012-10-18 13:30:01,0,0,00:00:00,00:00:00
2012-10-18 13:31:01,0,0,00:00:00,00:00:00
2012-10-18 13:32:01,0,0,00:00:00,00:00:00
2012-10-18 13:33:01,0,0,00:00:00,00:00:00
2012-10-18 13:34:01,0,0,00:00:00,00:00:00
2012-10-18 13:35:01,0,0,00:00:00,00:00:00
2012-10-18 13:36:01,0,0,00:00:00,00:00:00
2012-10-18 13:37:01,0,0,00:00:00,00:00:00
2012-10-18 13:38:01,0,0,00:00:00,00:00:00
2012-10-18 13:39:01,0,0,00:00:00,00:00:00
2012-10-18 13:40:01,0,0,00:00:00,00:00:00
2012-10-18 13:41:01,0,0,00:00:00,00:00:00
2012-10-18 13:42:01,0,0,00:00:00,00:00:00
2012-10-18 13:43:01,0,0,00:00:00,00:00:00
2012-10-18 13:44:02,0,0,00:00:00,00:00:00
2012-10-18 13:45:01,0,0,00:00:00,00:00:00
2012-10-18 13:46:01,0,0,00:00:00,00:00:00
2012-10-18 13:47:01,0,0,00:00:00,00:00:00
2012-10-18 13:48:01,0,0,00:00:00,00:00:00
2012-10-18 13:49:01,0,0,00:00:00,00:00:00
2012-10-18 13:50:01,0,0,00:00:00,00:00:00
2012-10-18 13:51:01,0,0,00:00:00,00:00:00
2012-10-18 13:52:01,0,0,00:00:00,00:00:00
2012-10-18 13:53:01,0,0,00:00:00,00:00:00
2012-10-18 13:54:01,0,0,00:00:00,00:00:00
2012-10-18 13:55:01,0,0,00:00:00,00:00:01
2012-10-18 13:56:01,0,0,00:00:00,00:00:00
2012-10-18 13:57:01,0,0,00:00:00,00:00:00
2012-10-18 13:58:01,0,0,00:00:00,00:00:00
2012-10-18 13:59:01,0,0,00:00:00,00:00:00
2012-10-18 14:00:01,0,0,00:00:00,00:00:00
2012-10-18 14:01:01,0,0,00:00:00,00:00:00
2012-10-18 14:02:01,0,0,00:00:00,00:00:00
2012-10-18 14:03:01,0,0,00:00:00,00:00:00
2012-10-18 14:04:01,0,0,00:00:00,00:00:00
2012-10-18 14:05:01,0,0,00:00:00,00:00:00
2012-10-18 14:06:01,0,0,00:00:00,00:00:01
2012-10-18 14:07:01,0,0,00:00:00,00:00:00
2012-10-18 14:08:01,0,0,00:00:00,00:00:00
2012-10-18 14:09:01,0,0,00:00:00,00:00:00
2012-10-18 14:10:01,0,0,00:00:00,00:00:00
2012-10-18 14:11:01,0,0,00:00:00,00:00:00
2012-10-18 14:12:01,0,0,00:00:00,00:00:00
2012-10-18 14:13:01,0,0,00:00:00,00:00:00
2012-10-18 14:14:01,0,0,00:00:00,00:00:00
2012-10-18 14:15:01,0,0,00:00:00,00:00:00
2012-10-18 14:16:01,0,0,00:00:00,00:00:00
2012-10-18 14:17:01,0,0,00:00:00,00:00:00
2012-10-18 14:18:02,0,0,00:00:00,00:00:00
2012-10-18 14:19:01,0,0,00:00:00,00:00:00
2012-10-18 14:20:01,0,0,00:00:00,00:00:00
2012-10-18 14:21:01,0,0,00:00:00,00:00:00
2012-10-18 14:22:01,0,0,00:00:00,00:00:00
2012-10-18 14:23:01,0,0,00:00:00,00:00:00
2012-10-18 14:24:01,0,0,00:00:00,00:00:00
2012-10-18 14:25:01,0,0,00:00:00,00:00:00
2012-10-18 14:26:01,0,0,00:00:00,00:00:00
2012-10-18 14:27:01,0,0,00:00:00,00:00:00
2012-10-18 14:28:01,0,0,00:00:00,00:00:00
2012-10-18 14:29:02,0,0,00:00:00,00:00:00
2012-10-18 14:30:01,0,0,00:00:00,00:00:00
2012-10-18 14:31:01,0,0,00:00:00,00:00:00
2012-10-18 14:32:01,0,0,00:00:00,00:00:00
2012-10-18 14:33:01,0,0,00:00:00,00:00:00
2012-10-18 14:34:01,0,0,00:00:00,00:00:00
2012-10-18 14:35:01,0,0,00:00:00,00:00:00
2012-10-18 14:36:01,0,0,00:00:00,00:00:00
2012-10-18 14:37:01,0,0,00:00:00,00:00:00
2012-10-18 14:38:01,0,0,00:00:00,00:00:00
2012-10-18 14:39:01,0,0,00:00:00,00:00:00
2012-10-18 14:40:02,0,0,00:00:00,00:00:00
2012-10-18 14:41:01,0,0,00:00:00,00:00:00
2012-10-18 14:42:01,0,0,00:00:00,00:00:00
2012-10-18 14:43:01,0,0,00:00:00,00:00:00
2012-10-18 14:44:01,0,0,00:00:00,00:00:00
2012-10-18 14:45:01,0,0,00:00:00,00:00:00
2012-10-18 14:46:01,0,0,00:00:00,00:00:00
2012-10-18 14:47:01,0,0,00:00:00,00:00:00
2012-10-18 14:48:01,0,0,00:00:00,00:00:00
2012-10-18 14:49:01,0,0,00:00:00,00:00:00
2012-10-18 14:50:01,0,0,00:00:00,00:00:00
2012-10-18 14:51:01,0,0,00:00:00,00:00:01
2012-10-18 14:52:01,0,0,00:00:00,00:00:00
2012-10-18 14:53:01,0,0,00:00:00,00:00:00
2012-10-18 14:54:01,0,0,00:00:00,00:00:00
2012-10-18 14:55:01,0,0,00:00:00,00:00:00
2012-10-18 14:56:01,0,0,00:00:00,00:00:00
2012-10-18 14:57:01,0,0,00:00:00,00:00:00
2012-10-18 14:58:01,0,0,00:00:00,00:00:00
2012-10-18 14:59:01,0,0,00:00:00,00:00:00
2012-10-18 15:00:01,0,0,00:00:00,00:00:00
2012-10-18 15:01:01,0,0,00:00:00,00:00:00
2012-10-18 15:02:01,0,0,00:00:00,00:00:00
2012-10-18 15:03:02,0,0,00:00:00,00:00:00
2012-10-18 15:04:01,0,0,00:00:00,00:00:00
2012-10-18 15:05:01,0,0,00:00:00,00:00:00
2012-10-18 15:06:01,0,0,00:00:00,00:00:00
2012-10-18 15:07:01,0,0,00:00:00,00:00:00
2012-10-18 15:08:01,0,0,00:00:00,00:00:00
2012-10-18 15:09:01,0,0,00:00:00,00:00:00
2012-10-18 15:10:01,0,0,00:00:00,00:00:00
2012-10-18 15:11:01,0,0,00:00:00,00:00:00
2012-10-18 15:12:01,0,0,00:00:00,00:00:00
2012-10-18 15:13:01,0,0,00:00:00,00:00:00
2012-10-18 15:14:02,0,0,00:00:00,00:00:00
2012-10-18 15:15:01,0,0,00:00:00,00:00:00
2012-10-18 15:16:01,0,0,00:00:00,00:00:00
2012-10-18 15:17:01,0,0,00:00:00,00:00:00
2012-10-18 15:18:01,0,0,00:00:00,00:00:00
2012-10-18 15:19:01,0,0,00:00:00,00:00:00
2012-10-18 15:20:01,0,0,00:00:00,00:00:00
2012-10-18 15:21:01,0,0,00:00:00,00:00:00
2012-10-18 15:22:01,0,0,00:00:00,00:00:00
2012-10-18 15:23:01,0,0,00:00:00,00:00:00
2012-10-18 15:24:01,0,0,00:00:00,00:00:00
2012-10-18 15:25:01,0,0,00:00:00,00:00:00
2012-10-18 15:26:02,0,0,00:00:00,00:00:00
2012-10-18 15:27:01,0,0,00:00:00,00:00:00
2012-10-18 15:28:01,0,0,00:00:00,00:00:00
2012-10-18 15:29:01,0,0,00:00:00,00:00:00
2012-10-18 15:30:01,0,0,00:00:00,00:00:00
2012-10-18 15:31:01,0,0,00:00:00,00:00:00
2012-10-18 15:32:01,0,0,00:00:00,00:00:00
2012-10-18 15:33:01,0,0,00:00:00,00:00:00
2012-10-18 15:34:01,0,0,00:00:00,00:00:00
2012-10-18 15:35:01,0,0,00:00:00,00:00:00
2012-10-18 15:36:01,0,0,00:00:00,00:00:00
2012-10-18 15:37:01,0,0,00:00:00,00:00:00
2012-10-18 15:38:01,0,0,00:00:00,00:00:00
2012-10-18 15:39:01,0,0,00:00:00,00:00:00
2012-10-18 15:40:01,0,0,00:00:00,00:00:00
2012-10-18 15:41:01,0,0,00:00:00,00:00:00
2012-10-18 15:42:01,0,0,00:00:00,00:00:00
2012-10-18 15:43:01,0,0,00:00:00,00:00:00
2012-10-18 15:44:01,0,0,00:00:00,00:00:00
2012-10-18 15:45:01,0,0,00:00:00,00:00:00
2012-10-18 15:46:01,0,0,00:00:00,00:00:00
2012-10-18 15:47:01,0,0,00:00:00,00:00:00
2012-10-18 15:48:01,0,0,00:00:00,00:00:00
2012-10-18 15:49:02,0,0,00:00:00,00:00:00
2012-10-18 15:50:01,0,0,00:00:00,00:00:00
2012-10-18 15:51:01,0,0,00:00:00,00:00:00
2012-10-18 15:52:01,0,0,00:00:00,00:00:00
2012-10-18 15:53:01,0,0,00:00:00,00:00:00
2012-10-18 15:54:01,0,0,00:00:00,00:00:00
2012-10-18 15:55:01,0,0,00:00:00,00:00:00
2012-10-18 15:56:01,0,0,00:00:00,00:00:00
2012-10-18 15:57:01,0,0,00:00:00,00:00:00
2012-10-18 15:58:01,0,0,00:00:00,00:00:00
2012-10-18 15:59:01,0,0,00:00:00,00:00:00
2012-10-18 16:00:01,0,0,00:00:00,00:00:00
2012-10-18 16:01:02,0,0,00:00:00,00:00:00
2012-10-18 16:02:01,0,0,00:00:00,00:00:00
2012-10-18 16:03:01,0,0,00:00:00,00:00:00
2012-10-18 16:04:01,0,0,00:00:00,00:00:00
2012-10-18 16:05:01,0,0,00:00:00,00:00:00
2012-10-18 16:06:01,0,0,00:00:00,00:00:00
2012-10-18 16:07:01,0,0,00:00:00,00:00:00
2012-10-18 16:08:01,0,0,00:00:00,00:00:00
2012-10-18 16:09:01,0,0,00:00:00,00:00:00
2012-10-18 16:10:01,0,0,00:00:00,00:00:00
2012-10-18 16:11:01,0,0,00:00:00,00:00:00
2012-10-18 16:12:02,0,0,00:00:00,00:00:00
2012-10-18 16:13:01,0,0,00:00:00,00:00:00
2012-10-18 16:14:01,0,0,00:00:00,00:00:00
2012-10-18 16:15:01,0,0,00:00:00,00:00:00
2012-10-18 16:16:01,0,0,00:00:00,00:00:00
2012-10-18 16:17:01,0,0,00:00:00,00:00:00
2012-10-18 16:18:01,0,0,00:00:00,00:00:00
2012-10-18 16:19:01,0,0,00:00:00,00:00:00
2012-10-18 16:20:01,0,0,00:00:00,00:00:00
2012-10-18 16:21:01,0,0,00:00:00,00:00:00
2012-10-18 16:22:01,0,0,00:00:00,00:00:00
2012-10-18 16:23:01,0,0,00:00:00,00:00:00
2012-10-18 16:24:02,0,0,00:00:00,00:00:00
2012-10-18 16:25:01,0,0,00:00:00,00:00:00
2012-10-18 16:26:01,0,0,00:00:00,00:00:00
2012-10-18 16:27:01,0,0,00:00:00,00:00:00
2012-10-18 16:28:01,0,0,00:00:00,00:00:00
2012-10-18 16:29:01,0,0,00:00:00,00:00:00
2012-10-18 16:30:01,0,0,00:00:00,00:00:00
2012-10-18 16:31:01,0,0,00:00:00,00:00:00
2012-10-18 16:32:01,0,0,00:00:00,00:00:00
2012-10-18 16:33:01,0,0,00:00:00,00:00:00
2012-10-18 16:34:01,0,0,00:00:00,00:00:00
2012-10-18 16:35:02,0,0,00:00:00,00:00:00
2012-10-18 16:36:01,0,0,00:00:00,00:00:00
2012-10-18 16:37:01,0,0,00:00:00,00:00:00
2012-10-18 16:38:01,0,0,00:00:00,00:00:00
2012-10-18 16:39:01,0,0,00:00:00,00:00:00
2012-10-18 16:40:01,0,0,00:00:00,00:00:00
2012-10-18 16:41:01,0,0,00:00:00,00:00:00
2012-10-18 16:42:01,0,0,00:00:00,00:00:00
2012-10-18 16:43:01,0,0,00:00:00,00:00:00
2012-10-18 16:44:01,0,0,00:00:00,00:00:00
2012-10-18 16:45:01,0,0,00:00:00,00:00:00
2012-10-18 16:46:02,0,0,00:00:00,00:00:00
2012-10-18 16:47:01,0,0,00:00:00,00:00:00
2012-10-18 16:48:01,0,0,00:00:00,00:00:00
2012-10-18 16:49:01,0,0,00:00:00,00:00:00
2012-10-18 16:50:01,0,0,00:00:00,00:00:00
2012-10-18 16:51:01,0,0,00:00:00,00:00:00
2012-10-18 16:52:01,0,0,00:00:00,00:00:00
2012-10-18 16:53:01,0,0,00:00:00,00:00:00
2012-10-18 16:54:01,0,0,00:00:00,00:00:00
2012-10-18 16:55:01,0,0,00:00:00,00:00:00
2012-10-18 16:56:01,0,0,00:00:00,00:00:00
2012-10-18 16:57:01,0,0,00:00:00,00:00:00
2012-10-18 16:58:02,0,0,00:00:00,00:00:00
2012-10-18 16:59:01,0,0,00:00:00,00:00:00
2012-10-18 17:00:01,0,0,00:00:00,00:00:00
2012-10-18 17:01:01,0,0,00:00:00,00:00:00
2012-10-18 17:02:01,0,0,00:00:00,00:00:00
2012-10-18 17:03:01,0,0,00:00:00,00:00:00
2012-10-18 17:04:01,0,0,00:00:00,00:00:00
2012-10-18 17:05:01,0,0,00:00:00,00:00:00
2012-10-18 17:06:01,0,0,00:00:00,00:00:00
2012-10-18 17:07:01,0,0,00:00:00,00:00:00
2012-10-18 17:08:01,0,0,00:00:00,00:00:00
2012-10-18 17:09:02,0,0,00:00:00,00:00:00
2012-10-18 17:10:01,0,0,00:00:00,00:00:00
2012-10-18 17:11:01,0,0,00:00:00,00:00:00
2012-10-18 17:12:01,0,0,00:00:00,00:00:00
2012-10-18 17:13:01,0,0,00:00:00,00:00:00
2012-10-18 17:14:01,0,0,00:00:00,00:00:00
2012-10-18 17:15:01,0,0,00:00:00,00:00:00
2012-10-18 17:16:01,0,0,00:00:00,00:00:00
2012-10-18 17:17:01,0,0,00:00:00,00:00:00
2012-10-18 17:18:01,0,0,00:00:00,00:00:00
2012-10-18 17:19:01,0,0,00:00:00,00:00:00
2012-10-18 17:20:01,0,0,00:00:00,00:00:00
2012-10-18 17:21:02,0,0,00:00:00,00:00:00
2012-10-18 17:22:01,0,0,00:00:00,00:00:00
2012-10-18 17:23:01,0,0,00:00:00,00:00:00
2012-10-18 17:24:01,0,0,00:00:00,00:00:00
2012-10-18 17:25:01,0,0,00:00:00,00:00:00
2012-10-18 17:26:01,0,0,00:00:00,00:00:00
2012-10-18 17:27:01,0,0,00:00:00,00:00:00
2012-10-18 17:28:01,0,0,00:00:00,00:00:00
2012-10-18 17:29:01,0,0,00:00:00,00:00:00
2012-10-18 17:30:01,0,0,00:00:00,00:00:00
2012-10-18 17:31:01,0,0,00:00:00,00:00:00
2012-10-18 17:32:02,0,0,00:00:00,00:00:00
2012-10-18 17:33:01,0,0,00:00:00,00:00:00
2012-10-18 17:34:01,0,0,00:00:00,00:00:00
2012-10-18 17:35:01,0,0,00:00:00,00:00:00
2012-10-18 17:36:01,0,0,00:00:00,00:00:00
2012-10-18 17:37:01,0,0,00:00:00,00:00:00
2012-10-18 17:38:01,0,0,00:00:00,00:00:00
2012-10-18 17:39:01,0,0,00:00:00,00:00:00
2012-10-18 17:40:01,0,0,00:00:00,00:00:00
2012-10-18 17:41:01,0,0,00:00:00,00:00:00
2012-10-18 17:42:01,0,0,00:00:00,00:00:00
2012-10-18 17:43:01,0,0,00:00:00,00:00:00
2012-10-18 17:44:02,0,0,00:00:00,00:00:00
2012-10-18 17:45:01,0,0,00:00:00,00:00:00
2012-10-18 17:46:01,0,0,00:00:00,00:00:00
2012-10-18 17:47:01,0,0,00:00:00,00:00:00
2012-10-18 17:48:01,0,0,00:00:00,00:00:00
2012-10-18 17:49:01,0,0,00:00:00,00:00:00
2012-10-18 17:50:01,0,0,00:00:00,00:00:00
2012-10-18 17:51:01,0,0,00:00:00,00:00:00
2012-10-18 17:52:01,0,0,00:00:00,00:00:00
2012-10-18 17:53:01,0,0,00:00:00,00:00:00
2012-10-18 17:54:01,0,0,00:00:00,00:00:00
2012-10-18 17:55:02,0,0,00:00:00,00:00:00
2012-10-18 17:56:01,0,0,00:00:00,00:00:00
2012-10-18 17:57:01,0,0,00:00:00,00:00:00
2012-10-18 17:58:01,0,0,00:00:00,00:00:00
2012-10-18 17:59:01,0,0,00:00:00,00:00:00
2012-10-18 18:00:01,0,0,00:00:00,00:00:00
2012-10-18 18:01:01,0,0,00:00:00,00:00:00
2012-10-18 18:02:01,0,0,00:00:00,00:00:00
2012-10-18 18:03:01,0,0,00:00:00,00:00:00
2012-10-18 18:04:01,0,0,00:00:00,00:00:00
2012-10-18 18:05:01,0,0,00:00:00,00:00:00
2012-10-18 18:06:01,0,0,00:00:00,00:00:00
2012-10-18 18:07:02,0,0,00:00:00,00:00:00
2012-10-18 18:08:01,0,0,00:00:00,00:00:00
2012-10-18 18:09:01,0,0,00:00:00,00:00:00
2012-10-18 18:10:01,0,0,00:00:00,00:00:00
2012-10-18 18:11:01,0,0,00:00:00,00:00:00
2012-10-18 18:12:01,0,0,00:00:00,00:00:00
2012-10-18 18:13:01,0,0,00:00:00,00:00:00
2012-10-18 18:14:01,0,0,00:00:00,00:00:00
2012-10-18 18:15:01,0,0,00:00:00,00:00:00
2012-10-18 18:16:01,0,0,00:00:00,00:00:00
2012-10-18 18:17:01,0,0,00:00:00,00:00:00
2012-10-18 18:18:02,0,0,00:00:00,00:00:00
2012-10-18 18:19:01,0,0,00:00:00,00:00:00
2012-10-18 18:20:01,0,0,00:00:00,00:00:00
2012-10-18 18:21:01,0,0,00:00:00,00:00:00
2012-10-18 18:22:01,0,0,00:00:00,00:00:00
2012-10-18 18:23:01,0,0,00:00:00,00:00:00
2012-10-18 18:24:01,0,0,00:00:00,00:00:00
2012-10-18 18:25:01,0,0,00:00:00,00:00:00
2012-10-18 18:26:01,0,0,00:00:00,00:00:00
2012-10-18 18:27:01,0,0,00:00:00,00:00:00
2012-10-18 18:28:01,0,0,00:00:00,00:00:00
2012-10-18 18:29:02,0,0,00:00:00,00:00:00
2012-10-18 18:30:01,0,0,00:00:00,00:00:00
2012-10-18 18:31:01,0,0,00:00:00,00:00:00
2012-10-18 18:32:01,0,0,00:00:00,00:00:00
2012-10-18 18:33:01,0,0,00:00:00,00:00:00
2012-10-18 18:34:01,0,0,00:00:00,00:00:00
2012-10-18 18:35:01,0,0,00:00:00,00:00:00
2012-10-18 18:36:01,0,0,00:00:00,00:00:00
2012-10-18 18:37:01,0,0,00:00:00,00:00:00
2012-10-18 18:38:01,0,0,00:00:00,00:00:00
2012-10-18 18:39:01,0,0,00:00:00,00:00:00
2012-10-18 18:40:01,0,0,00:00:00,00:00:00
2012-10-18 18:41:01,0,0,00:00:00,00:00:00
2012-10-18 18:42:01,0,0,00:00:00,00:00:00
2012-10-18 18:43:01,0,0,00:00:00,00:00:00
2012-10-18 18:44:01,0,0,00:00:00,00:00:00
2012-10-18 18:45:01,0,0,00:00:00,00:00:00
2012-10-18 18:46:01,0,0,00:00:00,00:00:00
2012-10-18 18:47:01,0,0,00:00:00,00:00:00
2012-10-18 18:48:01,0,0,00:00:00,00:00:00
2012-10-18 18:49:01,0,0,00:00:00,00:00:00
2012-10-18 18:50:01,0,0,00:00:00,00:00:00
2012-10-18 18:51:01,0,0,00:00:00,00:00:00
2012-10-18 18:52:02,0,0,00:00:00,00:00:00
2012-10-18 18:53:01,0,0,00:00:00,00:00:00
2012-10-18 18:54:01,0,0,00:00:00,00:00:00
2012-10-18 18:55:01,0,0,00:00:00,00:00:00
2012-10-18 18:56:01,0,0,00:00:00,00:00:00
2012-10-18 18:57:01,0,0,00:00:00,00:00:00
2012-10-18 18:58:01,0,0,00:00:00,00:00:00
2012-10-18 18:59:01,0,0,00:00:00,00:00:00
2012-10-18 19:00:01,0,0,00:00:00,00:00:00
2012-10-18 19:01:01,0,0,00:00:00,00:00:00
2012-10-18 19:02:01,0,0,00:00:00,00:00:00
2012-10-18 19:03:01,0,0,00:00:00,00:00:00
2012-10-18 19:04:01,0,0,00:00:00,00:00:00
2012-10-18 19:05:01,0,0,00:00:00,00:00:00
2012-10-18 19:06:01,0,0,00:00:00,00:00:00
2012-10-18 19:07:01,0,0,00:00:00,00:00:00
2012-10-18 19:08:01,0,0,00:00:00,00:00:00
2012-10-18 19:09:01,0,0,00:00:00,00:00:00
2012-10-18 19:10:01,0,0,00:00:00,00:00:00
2012-10-18 19:11:01,0,0,00:00:00,00:00:00
2012-10-18 19:12:01,0,0,00:00:00,00:00:00
2012-10-18 19:13:01,0,0,00:00:00,00:00:00
2012-10-18 19:14:01,0,0,00:00:00,00:00:00
2012-10-18 19:15:02,0,0,00:00:00,00:00:00
2012-10-18 19:16:01,0,0,00:00:00,00:00:00
2012-10-18 19:17:01,0,0,00:00:00,00:00:00
2012-10-18 19:18:01,0,0,00:00:00,00:00:00
2012-10-18 19:19:01,0,0,00:00:00,00:00:00
2012-10-18 19:20:01,0,0,00:00:00,00:00:00
2012-10-18 19:21:01,0,0,00:00:00,00:00:00
2012-10-18 19:22:01,0,0,00:00:00,00:00:00
2012-10-18 19:23:01,0,0,00:00:00,00:00:00
2012-10-18 19:24:01,0,0,00:00:00,00:00:00
2012-10-18 19:25:01,0,0,00:00:00,00:00:00
2012-10-18 19:26:02,0,0,00:00:00,00:00:00
2012-10-18 19:27:01,0,0,00:00:00,00:00:00
2012-10-18 19:28:01,0,0,00:00:00,00:00:00
2012-10-18 19:29:01,0,0,00:00:00,00:00:00
2012-10-18 19:30:01,0,0,00:00:00,00:00:00
2012-10-18 19:31:01,0,0,00:00:00,00:00:00
2012-10-18 19:32:01,0,0,00:00:00,00:00:00
2012-10-18 19:33:01,0,0,00:00:00,00:00:00
2012-10-18 19:34:01,0,0,00:00:00,00:00:00
2012-10-18 19:35:01,0,0,00:00:00,00:00:00
2012-10-18 19:36:01,0,0,00:00:00,00:00:00
2012-10-18 19:37:02,0,0,00:00:00,00:00:00
2012-10-18 19:38:01,0,0,00:00:00,00:00:00
2012-10-18 19:39:01,0,0,00:00:00,00:00:00
2012-10-18 19:40:01,0,0,00:00:00,00:00:00
2012-10-18 19:41:01,0,0,00:00:00,00:00:00
2012-10-18 19:42:01,0,0,00:00:00,00:00:00
2012-10-18 19:43:01,0,0,00:00:00,00:00:00
2012-10-18 19:44:01,0,0,00:00:00,00:00:00
2012-10-18 19:45:01,0,0,00:00:00,00:00:00
2012-10-18 19:46:01,0,0,00:00:00,00:00:00
2012-10-18 19:47:01,0,0,00:00:00,00:00:00
2012-10-18 19:48:01,0,0,00:00:00,00:00:00
2012-10-18 19:49:02,0,0,00:00:00,00:00:00
2012-10-18 19:50:01,0,0,00:00:00,00:00:00
2012-10-18 19:51:01,0,0,00:00:00,00:00:00
2012-10-18 19:52:01,0,0,00:00:00,00:00:00
2012-10-18 19:53:01,0,0,00:00:00,00:00:00
2012-10-18 19:54:01,0,0,00:00:00,00:00:00
2012-10-18 19:55:01,0,0,00:00:00,00:00:00
2012-10-18 19:56:01,0,0,00:00:00,00:00:00
2012-10-18 19:57:01,0,0,00:00:00,00:00:00
2012-10-18 19:58:01,0,0,00:00:00,00:00:00
2012-10-18 19:59:01,0,0,00:00:00,00:00:00
2012-10-18 20:00:02,0,0,00:00:00,00:00:00
2012-10-18 20:01:01,0,0,00:00:00,00:00:00
2012-10-18 20:02:01,0,0,00:00:00,00:00:00
2012-10-18 20:03:01,0,0,00:00:00,00:00:00
2012-10-18 20:04:01,0,0,00:00:00,00:00:00
2012-10-18 20:05:01,0,0,00:00:00,00:00:00
2012-10-18 20:06:01,0,0,00:00:00,00:00:00
2012-10-18 20:07:01,0,0,00:00:00,00:00:00
2012-10-18 20:08:01,0,0,00:00:00,00:00:00
2012-10-18 20:09:01,0,0,00:00:00,00:00:00
2012-10-18 20:10:01,0,0,00:00:00,00:00:00
2012-10-18 20:11:02,0,0,00:00:00,00:00:00
2012-10-18 20:12:01,0,0,00:00:00,00:00:00
2012-10-18 20:13:01,0,0,00:00:00,00:00:00
2012-10-18 20:14:01,0,0,00:00:00,00:00:00
2012-10-18 20:15:01,0,0,00:00:00,00:00:00
2012-10-18 20:16:01,0,0,00:00:00,00:00:00
2012-10-18 20:17:01,0,0,00:00:00,00:00:00
2012-10-18 20:18:01,0,0,00:00:00,00:00:00
2012-10-18 20:19:01,0,0,00:00:00,00:00:00
2012-10-18 20:20:01,0,0,00:00:00,00:00:00
2012-10-18 20:21:01,0,0,00:00:00,00:00:00
2012-10-18 20:22:02,0,0,00:00:00,00:00:00
2012-10-18 20:23:01,0,0,00:00:00,00:00:00
2012-10-18 20:24:01,0,0,00:00:00,00:00:00
2012-10-18 20:25:01,0,0,00:00:00,00:00:00
2012-10-18 20:26:01,0,0,00:00:00,00:00:00
2012-10-18 20:27:01,0,0,00:00:00,00:00:00
2012-10-18 20:28:01,0,0,00:00:00,00:00:00
2012-10-18 20:29:01,0,0,00:00:00,00:00:00
2012-10-18 20:30:01,0,0,00:00:00,00:00:00
2012-10-18 20:31:01,0,0,00:00:00,00:00:00
2012-10-18 20:32:01,0,0,00:00:00,00:00:00
2012-10-18 20:33:02,0,0,00:00:00,00:00:00
2012-10-18 20:34:01,0,0,00:00:00,00:00:00
2012-10-18 20:35:01,0,0,00:00:00,00:00:00
2012-10-18 20:36:01,0,0,00:00:00,00:00:00
2012-10-18 20:37:01,0,0,00:00:00,00:00:00
2012-10-18 20:38:01,0,0,00:00:00,00:00:00
2012-10-18 20:39:01,0,0,00:00:00,00:00:00
2012-10-18 20:40:01,0,0,00:00:00,00:00:00
2012-10-18 20:41:01,0,0,00:00:00,00:00:00
2012-10-18 20:42:01,0,0,00:00:00,00:00:00
2012-10-18 20:43:01,0,0,00:00:00,00:00:00
2012-10-18 20:44:02,0,0,00:00:00,00:00:00
2012-10-18 20:45:01,0,0,00:00:00,00:00:00
2012-10-18 20:46:01,0,0,00:00:00,00:00:00
2012-10-18 20:47:01,0,0,00:00:00,00:00:00
2012-10-18 20:48:01,0,0,00:00:00,00:00:00
2012-10-18 20:49:01,0,0,00:00:00,00:00:00
2012-10-18 20:50:01,0,0,00:00:00,00:00:00
2012-10-18 20:51:01,0,0,00:00:00,00:00:00
2012-10-18 20:52:01,0,0,00:00:00,00:00:00
2012-10-18 20:53:01,0,0,00:00:00,00:00:00
2012-10-18 20:54:01,0,0,00:00:00,00:00:00
2012-10-18 20:55:01,0,0,00:00:00,00:00:00
2012-10-18 20:56:02,0,0,00:00:00,00:00:00
2012-10-18 20:57:01,0,0,00:00:00,00:00:00
2012-10-18 20:58:01,0,0,00:00:00,00:00:00
2012-10-18 21:01:01,0,0,00:00:00,00:00:00
2012-10-18 21:02:01,0,0,00:00:00,00:00:00
2012-10-18 21:03:01,0,0,00:00:00,00:00:00
2012-10-18 21:04:01,0,0,00:00:00,00:00:00
2012-10-18 21:05:01,0,0,00:00:00,00:00:00
2012-10-18 21:06:01,0,0,00:00:00,00:00:00
2012-10-18 21:07:02,0,0,00:00:00,00:00:00
2012-10-18 21:08:01,0,0,00:00:00,00:00:00
2012-10-18 21:09:01,0,0,00:00:00,00:00:00
2012-10-18 21:10:01,6,0,00:00:09,00:00:00
2012-10-18 21:11:01,0,0,00:00:00,00:00:00
2012-10-18 21:12:01,0,0,00:00:00,00:00:00
2012-10-18 21:13:01,0,0,00:00:00,00:00:00
2012-10-18 21:14:02,0,0,00:00:00,00:00:00
2012-10-18 21:15:01,0,0,00:00:00,00:00:00
2012-10-18 21:16:01,0,0,00:00:00,00:00:00
2012-10-18 21:20:39,1345,0,00:04:37,00:00:44
2012-10-18 21:22:01,0,0,00:00:00,00:00:00
2012-10-18 21:23:01,0,0,00:00:00,00:00:00
2012-10-18 21:24:01,0,0,00:00:00,00:00:00
2012-10-18 21:25:02,0,0,00:00:00,00:00:00
2012-10-18 21:26:01,0,0,00:00:00,00:00:00
2012-10-18 21:27:01,0,0,00:00:00,00:00:00
2012-10-18 21:28:01,0,0,00:00:00,00:00:00
2012-10-18 21:29:01,0,0,00:00:00,00:00:00
2012-10-18 21:30:01,0,0,00:00:00,00:00:00
2012-10-18 21:31:01,0,0,00:00:00,00:00:00
2012-10-18 21:32:01,0,0,00:00:00,00:00:00
2012-10-18 21:33:01,0,0,00:00:00,00:00:00
2012-10-18 21:34:01,0,0,00:00:00,00:00:00
2012-10-18 21:35:01,0,0,00:00:00,00:00:00
2012-10-18 21:36:02,0,0,00:00:00,00:00:00
2012-10-18 21:37:01,0,0,00:00:00,00:00:00
2012-10-18 21:38:01,0,0,00:00:00,00:00:00
2012-10-18 21:39:01,0,0,00:00:00,00:00:00
2012-10-18 21:40:01,0,0,00:00:00,00:00:00
2012-10-18 21:41:01,0,0,00:00:00,00:00:00
2012-10-18 21:42:01,0,0,00:00:00,00:00:00
2012-10-18 21:43:01,0,0,00:00:00,00:00:00
2012-10-18 21:44:01,0,0,00:00:00,00:00:00
2012-10-18 21:45:01,0,0,00:00:00,00:00:00
2012-10-18 21:46:01,0,0,00:00:00,00:00:00
2012-10-18 21:47:02,0,0,00:00:00,00:00:00
2012-10-18 21:48:01,0,0,00:00:00,00:00:00
2012-10-18 21:49:01,0,0,00:00:00,00:00:00
2012-10-18 21:50:01,0,0,00:00:00,00:00:00
2012-10-18 21:51:01,0,0,00:00:00,00:00:00
2012-10-18 21:52:01,0,0,00:00:00,00:00:00
2012-10-18 21:53:01,0,0,00:00:00,00:00:00
2012-10-18 21:54:01,0,0,00:00:00,00:00:00
2012-10-18 21:55:01,0,0,00:00:00,00:00:00
2012-10-18 21:56:01,0,0,00:00:00,00:00:00
2012-10-18 21:57:01,0,0,00:00:00,00:00:00
2012-10-18 21:58:02,0,0,00:00:00,00:00:00
2012-10-18 21:59:01,0,0,00:00:00,00:00:00
2012-10-18 22:00:01,0,0,00:00:00,00:00:00
2012-10-18 22:01:01,0,0,00:00:00,00:00:00
2012-10-18 22:02:01,0,0,00:00:00,00:00:00
2012-10-18 22:03:01,0,0,00:00:00,00:00:00
2012-10-18 22:04:01,0,0,00:00:00,00:00:00
2012-10-18 22:05:01,0,0,00:00:00,00:00:00
2012-10-18 22:06:01,0,0,00:00:00,00:00:00
2012-10-18 22:07:01,0,0,00:00:00,00:00:00
2012-10-18 22:08:01,0,0,00:00:00,00:00:00
2012-10-18 22:09:01,0,0,00:00:00,00:00:00
2012-10-18 22:10:02,0,0,00:00:00,00:00:00
2012-10-18 22:11:01,0,0,00:00:00,00:00:00
2012-10-18 22:12:01,0,0,00:00:00,00:00:00
2012-10-18 22:13:01,0,0,00:00:00,00:00:00
2012-10-18 22:14:01,0,0,00:00:00,00:00:00
2012-10-18 22:15:01,0,0,00:00:00,00:00:00
2012-10-18 22:16:01,0,0,00:00:00,00:00:00
2012-10-18 22:17:01,0,0,00:00:00,00:00:00
2012-10-18 22:18:01,0,0,00:00:00,00:00:00
2012-10-18 22:19:01,0,0,00:00:00,00:00:00
2012-10-18 22:20:01,0,0,00:00:00,00:00:00
2012-10-18 22:21:02,0,0,00:00:00,00:00:00
2012-10-18 22:22:01,0,0,00:00:00,00:00:00
2012-10-18 22:23:01,0,0,00:00:00,00:00:00
2012-10-18 22:24:01,0,0,00:00:00,00:00:00
2012-10-18 22:25:01,0,0,00:00:00,00:00:00
2012-10-18 22:26:01,0,0,00:00:00,00:00:00
2012-10-18 22:27:01,0,0,00:00:00,00:00:00
2012-10-18 22:28:01,0,0,00:00:00,00:00:00
2012-10-18 22:29:01,0,0,00:00:00,00:00:00
2012-10-18 22:30:01,0,0,00:00:00,00:00:00
2012-10-18 22:31:01,0,0,00:00:00,00:00:00
2012-10-18 22:32:02,0,0,00:00:00,00:00:00
2012-10-18 22:33:01,0,0,00:00:00,00:00:00
2012-10-18 22:34:01,0,0,00:00:00,00:00:00
2012-10-18 22:35:01,0,0,00:00:00,00:00:00
2012-10-18 22:36:01,0,0,00:00:00,00:00:00
2012-10-18 22:37:01,0,0,00:00:00,00:00:00
2012-10-18 22:38:01,0,0,00:00:00,00:00:00
2012-10-18 22:39:01,0,0,00:00:00,00:00:00
2012-10-18 22:40:01,0,0,00:00:00,00:00:00
2012-10-18 22:41:01,0,0,00:00:00,00:00:00
2012-10-18 22:42:01,0,0,00:00:00,00:00:00
2012-10-18 22:43:01,0,0,00:00:00,00:00:00
2012-10-18 22:44:02,0,0,00:00:00,00:00:00
2012-10-18 22:45:01,0,0,00:00:00,00:00:00
2012-10-18 22:46:01,0,0,00:00:00,00:00:00
2012-10-18 22:47:01,0,0,00:00:00,00:00:00
2012-10-18 22:48:01,0,0,00:00:00,00:00:00
2012-10-18 22:49:01,0,0,00:00:00,00:00:00
2012-10-18 22:50:01,0,0,00:00:00,00:00:00
2012-10-18 22:51:01,0,0,00:00:00,00:00:00
2012-10-18 22:52:01,0,0,00:00:00,00:00:00
2012-10-18 22:53:01,0,0,00:00:00,00:00:00
2012-10-18 22:54:01,0,0,00:00:00,00:00:00
2012-10-18 22:55:02,0,0,00:00:00,00:00:00
2012-10-18 22:56:01,0,0,00:00:00,00:00:00
2012-10-18 22:57:01,0,0,00:00:00,00:00:00
2012-10-18 22:58:01,0,0,00:00:00,00:00:00
2012-10-18 22:59:01,0,0,00:00:00,00:00:00
2012-10-18 23:00:01,0,0,00:00:00,00:00:00
2012-10-18 23:01:01,0,0,00:00:00,00:00:00
2012-10-18 23:02:01,0,0,00:00:00,00:00:00
2012-10-18 23:03:01,0,0,00:00:00,00:00:00
2012-10-18 23:04:01,0,0,00:00:00,00:00:00
2012-10-18 23:05:01,0,0,00:00:00,00:00:00
2012-10-18 23:06:01,0,0,00:00:00,00:00:00
2012-10-18 23:07:02,0,0,00:00:00,00:00:00
2012-10-18 23:08:01,0,0,00:00:00,00:00:00
2012-10-18 23:09:01,0,0,00:00:00,00:00:00
2012-10-18 23:10:01,0,0,00:00:00,00:00:00
2012-10-18 23:11:01,0,0,00:00:00,00:00:00
2012-10-18 23:12:01,0,0,00:00:00,00:00:00
2012-10-18 23:13:01,0,0,00:00:00,00:00:00
2012-10-18 23:14:01,0,0,00:00:00,00:00:00
2012-10-18 23:15:01,0,0,00:00:00,00:00:00
2012-10-18 23:16:01,0,0,00:00:00,00:00:00
2012-10-18 23:17:01,0,0,00:00:00,00:00:00
2012-10-18 23:18:02,0,0,00:00:00,00:00:00
2012-10-18 23:19:01,0,0,00:00:00,00:00:00
2012-10-18 23:20:01,0,0,00:00:00,00:00:00
2012-10-18 23:21:01,0,0,00:00:00,00:00:00
2012-10-18 23:22:01,0,0,00:00:00,00:00:00
2012-10-18 23:23:01,0,0,00:00:00,00:00:00
2012-10-18 23:24:01,0,0,00:00:00,00:00:00
2012-10-18 23:25:01,0,0,00:00:00,00:00:00
2012-10-18 23:26:01,0,0,00:00:00,00:00:00
2012-10-18 23:27:01,0,0,00:00:00,00:00:00
2012-10-18 23:28:01,0,0,00:00:00,00:00:00
2012-10-18 23:29:01,0,0,00:00:00,00:00:00
2012-10-18 23:30:02,0,0,00:00:00,00:00:00
2012-10-18 23:31:01,0,0,00:00:00,00:00:00
2012-10-18 23:32:01,0,0,00:00:00,00:00:00
2012-10-18 23:33:01,0,0,00:00:00,00:00:00
2012-10-18 23:34:01,0,0,00:00:00,00:00:00
2012-10-18 23:35:01,0,0,00:00:00,00:00:00
2012-10-18 23:36:01,0,0,00:00:00,00:00:00
2012-10-18 23:37:01,0,0,00:00:00,00:00:00
2012-10-18 23:38:01,0,0,00:00:00,00:00:00
2012-10-18 23:39:01,0,0,00:00:00,00:00:00
2012-10-18 23:40:01,0,0,00:00:00,00:00:00
2012-10-18 23:41:02,0,0,00:00:00,00:00:00
2012-10-18 23:42:01,0,0,00:00:00,00:00:00
2012-10-18 23:43:01,0,0,00:00:00,00:00:00
2012-10-18 23:44:01,0,0,00:00:00,00:00:00
2012-10-18 23:45:01,0,0,00:00:00,00:00:00
2012-10-18 23:46:01,0,0,00:00:00,00:00:00
2012-10-18 23:47:01,0,0,00:00:00,00:00:00
2012-10-18 23:48:01,0,0,00:00:00,00:00:00
2012-10-18 23:49:01,0,0,00:00:00,00:00:00
2012-10-18 23:50:01,0,0,00:00:00,00:00:00
2012-10-18 23:51:01,0,0,00:00:00,00:00:00
2012-10-18 23:52:01,0,0,00:00:00,00:00:00
2012-10-18 23:53:02,0,0,00:00:00,00:00:00
2012-10-18 23:54:01,0,0,00:00:00,00:00:00
2012-10-18 23:55:01,0,0,00:00:00,00:00:00
2012-10-18 23:56:01,0,0,00:00:00,00:00:00
2012-10-18 23:57:01,0,0,00:00:00,00:00:00
2012-10-18 23:58:01,0,0,00:00:00,00:00:00
2012-10-18 23:59:01,0,0,00:00:00,00:00:00
