2012-10-17 00:00:01,0,57924,00:00:00,00:00:00
2012-10-17 00:01:01,0,56124,00:00:00,00:00:00
2012-10-17 00:02:01,0,54324,00:00:00,00:00:00
2012-10-17 00:03:01,0,52524,00:00:00,00:00:00
2012-10-17 00:04:01,0,50724,00:00:00,00:00:00
2012-10-17 00:05:01,0,48924,00:00:00,00:00:00
2012-10-17 00:06:01,0,47388,00:00:00,00:00:00
2012-10-17 00:07:01,0,47124,00:00:00,00:00:00
2012-10-17 00:08:01,0,45451,00:00:00,00:00:00
2012-10-17 00:09:01,0,45324,00:00:00,00:00:00
2012-10-17 00:10:02,0,43524,00:00:00,00:00:00
2012-10-17 00:11:01,0,42071,00:00:00,00:00:00
2012-10-17 00:12:01,0,41724,00:00:00,00:00:00
2012-10-17 00:13:01,0,39924,00:00:00,00:00:00
2012-10-17 00:14:01,0,38124,00:00:00,00:00:00
2012-10-17 00:15:01,0,36324,00:00:00,00:00:00
2012-10-17 00:16:01,0,34524,00:00:00,00:00:00
2012-10-17 00:17:01,0,32724,00:00:00,00:00:00
2012-10-17 00:18:01,0,30924,00:00:00,00:00:00
2012-10-17 00:19:01,0,29124,00:00:00,00:00:00
2012-10-17 00:20:01,0,27324,00:00:00,00:00:00
2012-10-17 00:21:01,0,25524,00:00:00,00:00:00
2012-10-17 00:22:01,0,24230,00:00:00,00:00:00
2012-10-17 00:23:01,0,23724,00:00:00,00:00:00
2012-10-17 00:24:01,0,21924,00:00:00,00:00:00
2012-10-17 00:25:01,0,21924,00:00:00,00:00:00
2012-10-17 00:26:01,0,20335,00:00:00,00:00:00
2012-10-17 00:27:01,0,20124,00:00:00,00:00:00
2012-10-17 00:28:02,0,20124,00:00:00,00:00:00
2012-10-17 00:29:01,0,18324,00:00:00,00:00:00
2012-10-17 00:30:01,0,16524,00:00:00,00:00:00
2012-10-17 00:31:01,0,15157,00:00:00,00:00:00
2012-10-17 00:32:01,0,14724,00:00:00,00:00:00
2012-10-17 00:33:01,0,12924,00:00:00,00:00:00
2012-10-17 00:34:01,0,11163,00:00:00,00:00:00
2012-10-17 00:35:01,0,11124,00:00:00,00:00:00
2012-10-17 00:36:01,0,9755,00:00:00,00:00:00
2012-10-17 00:37:01,0,9324,00:00:00,00:00:00
2012-10-17 00:38:01,0,7524,00:00:00,00:00:00
2012-10-17 00:39:01,0,5724,00:00:00,00:00:00
2012-10-17 00:40:01,0,3924,00:00:00,00:00:00
2012-10-17 00:41:01,0,2552,00:00:00,00:00:00
2012-10-17 00:42:01,0,2124,00:00:00,00:00:00
2012-10-17 00:43:01,0,814,00:00:00,00:00:00
2012-10-17 00:44:01,0,324,00:00:00,00:00:00
2012-10-17 00:45:01,0,0,00:00:00,00:00:00
2012-10-17 00:46:01,0,0,00:00:00,00:00:00
2012-10-17 00:47:01,0,0,00:00:00,00:00:00
2012-10-17 00:48:02,0,0,00:00:00,00:00:00
2012-10-17 00:49:01,0,0,00:00:00,00:00:00
2012-10-17 00:50:01,0,0,00:00:00,00:00:00
2012-10-17 00:51:01,0,0,00:00:00,00:00:00
2012-10-17 00:52:01,0,0,00:00:00,00:00:00
2012-10-17 00:53:01,0,0,00:00:00,00:00:00
2012-10-17 00:54:01,0,0,00:00:00,00:00:00
2012-10-17 00:55:01,0,0,00:00:00,00:00:00
2012-10-17 00:56:01,0,0,00:00:00,00:00:00
2012-10-17 00:57:01,0,0,00:00:00,00:00:00
2012-10-17 00:58:01,0,0,00:00:00,00:00:00
2012-10-17 00:59:02,0,0,00:00:00,00:00:00
2012-10-17 01:00:01,0,0,00:00:00,00:00:00
2012-10-17 01:01:01,0,0,00:00:00,00:00:00
2012-10-17 01:02:01,0,0,00:00:00,00:00:00
2012-10-17 01:03:01,0,0,00:00:00,00:00:00
2012-10-17 01:04:01,0,0,00:00:00,00:00:00
2012-10-17 01:05:01,0,0,00:00:00,00:00:00
2012-10-17 01:06:01,0,0,00:00:00,00:00:00
2012-10-17 01:07:01,0,0,00:00:00,00:00:00
2012-10-17 01:08:01,0,0,00:00:00,00:00:00
2012-10-17 01:09:01,0,0,00:00:00,00:00:00
2012-10-17 01:10:02,0,0,00:00:00,00:00:00
2012-10-17 01:11:01,0,0,00:00:00,00:00:00
2012-10-17 01:12:01,0,0,00:00:00,00:00:00
2012-10-17 01:13:01,0,0,00:00:00,00:00:00
2012-10-17 01:14:01,0,0,00:00:00,00:00:00
2012-10-17 01:15:01,0,0,00:00:00,00:00:00
2012-10-17 01:16:01,0,0,00:00:00,00:00:00
2012-10-17 01:17:01,0,0,00:00:00,00:00:00
2012-10-17 01:18:01,0,0,00:00:00,00:00:00
2012-10-17 01:19:01,0,0,00:00:00,00:00:00
2012-10-17 01:20:01,0,0,00:00:00,00:00:00
2012-10-17 01:21:02,0,0,00:00:00,00:00:00
2012-10-17 01:22:01,0,0,00:00:00,00:00:00
2012-10-17 01:23:01,0,0,00:00:00,00:00:00
2012-10-17 01:24:01,0,0,00:00:00,00:00:00
2012-10-17 01:25:01,0,0,00:00:00,00:00:00
2012-10-17 01:26:01,0,0,00:00:00,00:00:00
2012-10-17 01:27:01,0,0,00:00:00,00:00:00
2012-10-17 01:28:01,0,0,00:00:00,00:00:00
2012-10-17 01:29:01,0,0,00:00:00,00:00:00
2012-10-17 01:30:01,0,0,00:00:00,00:00:00
2012-10-17 01:31:01,0,0,00:00:00,00:00:00
2012-10-17 01:32:01,0,0,00:00:00,00:00:01
2012-10-17 01:33:01,0,0,00:00:00,00:00:00
2012-10-17 01:34:01,0,0,00:00:00,00:00:00
2012-10-17 01:35:01,0,0,00:00:00,00:00:00
2012-10-17 01:36:01,0,0,00:00:00,00:00:00
2012-10-17 01:37:01,0,0,00:00:00,00:00:00
2012-10-17 01:38:01,0,0,00:00:00,00:00:00
2012-10-17 01:39:01,0,0,00:00:00,00:00:00
2012-10-17 01:40:01,0,0,00:00:00,00:00:00
2012-10-17 01:41:01,0,0,00:00:00,00:00:00
2012-10-17 01:42:01,0,0,00:00:00,00:00:00
2012-10-17 01:43:01,0,0,00:00:00,00:00:00
2012-10-17 01:44:01,0,0,00:00:00,00:00:00
2012-10-17 01:45:01,0,0,00:00:00,00:00:00
2012-10-17 01:46:01,0,0,00:00:00,00:00:00
2012-10-17 01:47:01,0,0,00:00:00,00:00:00
2012-10-17 01:48:01,0,0,00:00:00,00:00:00
2012-10-17 01:49:01,0,0,00:00:00,00:00:00
2012-10-17 01:50:01,0,0,00:00:00,00:00:00
2012-10-17 01:51:01,0,0,00:00:00,00:00:00
2012-10-17 01:52:01,0,0,00:00:00,00:00:00
2012-10-17 01:53:01,0,0,00:00:00,00:00:00
2012-10-17 01:54:01,0,0,00:00:00,00:00:00
2012-10-17 01:55:01,0,0,00:00:00,00:00:00
2012-10-17 01:56:01,0,0,00:00:00,00:00:00
2012-10-17 01:57:01,0,0,00:00:00,00:00:00
2012-10-17 01:58:01,0,0,00:00:00,00:00:00
2012-10-17 01:59:01,0,0,00:00:00,00:00:00
2012-10-17 02:00:01,0,0,00:00:00,00:00:00
2012-10-17 02:01:01,0,0,00:00:00,00:00:00
2012-10-17 02:02:01,0,0,00:00:00,00:00:00
2012-10-17 02:03:01,0,0,00:00:00,00:00:00
2012-10-17 02:04:01,0,0,00:00:00,00:00:00
2012-10-17 02:05:01,0,0,00:00:00,00:00:00
2012-10-17 02:06:02,0,0,00:00:00,00:00:00
2012-10-17 02:07:01,0,0,00:00:00,00:00:00
2012-10-17 02:08:01,0,0,00:00:00,00:00:00
2012-10-17 02:09:01,0,0,00:00:00,00:00:00
2012-10-17 02:10:01,0,0,00:00:00,00:00:00
2012-10-17 02:11:01,0,0,00:00:00,00:00:00
2012-10-17 02:12:01,0,0,00:00:00,00:00:00
2012-10-17 02:13:01,0,0,00:00:00,00:00:00
2012-10-17 02:14:01,0,0,00:00:00,00:00:00
2012-10-17 02:15:01,0,0,00:00:00,00:00:00
2012-10-17 02:16:01,0,0,00:00:00,00:00:00
2012-10-17 02:17:02,0,0,00:00:00,00:00:00
2012-10-17 02:18:01,0,0,00:00:00,00:00:00
2012-10-17 02:19:01,0,0,00:00:00,00:00:00
2012-10-17 02:20:01,0,0,00:00:00,00:00:00
2012-10-17 02:21:01,0,0,00:00:00,00:00:00
2012-10-17 02:22:01,0,0,00:00:00,00:00:00
2012-10-17 02:23:01,0,0,00:00:00,00:00:00
2012-10-17 02:24:01,0,0,00:00:00,00:00:00
2012-10-17 02:25:01,0,0,00:00:00,00:00:00
2012-10-17 02:26:01,0,0,00:00:00,00:00:00
2012-10-17 02:27:01,0,0,00:00:00,00:00:00
2012-10-17 02:28:01,0,0,00:00:00,00:00:00
2012-10-17 02:29:01,0,0,00:00:00,00:00:00
2012-10-17 02:30:01,0,0,00:00:00,00:00:00
2012-10-17 02:31:01,0,0,00:00:00,00:00:00
2012-10-17 02:32:01,0,0,00:00:00,00:00:00
2012-10-17 02:33:01,0,0,00:00:00,00:00:00
2012-10-17 02:34:01,0,0,00:00:00,00:00:00
2012-10-17 02:35:01,0,0,00:00:00,00:00:00
2012-10-17 02:36:01,0,0,00:00:00,00:00:00
2012-10-17 02:37:01,0,0,00:00:00,00:00:00
2012-10-17 02:38:01,0,0,00:00:00,00:00:00
2012-10-17 02:39:01,0,0,00:00:00,00:00:00
2012-10-17 02:40:01,0,0,00:00:00,00:00:00
2012-10-17 02:41:01,0,0,00:00:00,00:00:00
2012-10-17 02:42:01,0,0,00:00:00,00:00:00
2012-10-17 02:43:01,0,0,00:00:00,00:00:00
2012-10-17 02:44:01,0,0,00:00:00,00:00:00
2012-10-17 02:45:01,0,0,00:00:00,00:00:00
2012-10-17 02:46:01,0,0,00:00:00,00:00:00
2012-10-17 02:47:01,0,0,00:00:00,00:00:00
2012-10-17 02:48:01,0,0,00:00:00,00:00:00
2012-10-17 02:49:01,0,0,00:00:00,00:00:00
2012-10-17 02:50:01,0,0,00:00:00,00:00:00
2012-10-17 02:51:02,0,0,00:00:00,00:00:00
2012-10-17 02:52:01,0,0,00:00:00,00:00:00
2012-10-17 02:53:01,0,0,00:00:00,00:00:00
2012-10-17 02:54:01,0,0,00:00:00,00:00:00
2012-10-17 02:55:01,0,0,00:00:00,00:00:00
2012-10-17 02:56:01,0,0,00:00:00,00:00:00
2012-10-17 02:57:01,0,0,00:00:00,00:00:00
2012-10-17 02:58:01,0,0,00:00:00,00:00:00
2012-10-17 02:59:01,0,0,00:00:00,00:00:00
2012-10-17 03:00:01,0,0,00:00:00,00:00:00
2012-10-17 03:01:01,0,0,00:00:00,00:00:00
2012-10-17 03:02:01,0,0,00:00:00,00:00:00
2012-10-17 03:03:01,0,0,00:00:00,00:00:00
2012-10-17 03:04:01,0,0,00:00:00,00:00:00
2012-10-17 03:05:01,0,0,00:00:00,00:00:00
2012-10-17 03:06:01,0,0,00:00:00,00:00:00
2012-10-17 03:07:01,0,0,00:00:00,00:00:00
2012-10-17 03:08:01,0,0,00:00:00,00:00:00
2012-10-17 03:09:01,0,0,00:00:00,00:00:00
2012-10-17 03:10:01,0,0,00:00:00,00:00:00
2012-10-17 03:11:01,0,0,00:00:00,00:00:00
2012-10-17 03:12:01,0,0,00:00:00,00:00:00
2012-10-17 03:13:01,0,0,00:00:00,00:00:00
2012-10-17 03:14:02,0,0,00:00:00,00:00:00
2012-10-17 03:15:01,0,0,00:00:00,00:00:00
2012-10-17 03:16:01,0,0,00:00:00,00:00:00
2012-10-17 03:17:01,0,0,00:00:00,00:00:00
2012-10-17 03:18:01,0,0,00:00:00,00:00:00
2012-10-17 03:19:01,0,0,00:00:00,00:00:00
2012-10-17 03:20:01,0,0,00:00:00,00:00:00
2012-10-17 03:21:01,0,0,00:00:00,00:00:00
2012-10-17 03:22:01,0,0,00:00:00,00:00:00
2012-10-17 03:23:01,0,0,00:00:00,00:00:00
2012-10-17 03:24:01,0,0,00:00:00,00:00:00
2012-10-17 03:25:02,0,0,00:00:00,00:00:00
2012-10-17 03:26:01,0,0,00:00:00,00:00:00
2012-10-17 03:27:01,0,0,00:00:00,00:00:00
2012-10-17 03:28:01,0,0,00:00:00,00:00:00
2012-10-17 03:29:01,0,0,00:00:00,00:00:00
2012-10-17 03:30:01,0,0,00:00:00,00:00:00
2012-10-17 03:31:01,0,0,00:00:00,00:00:00
2012-10-17 03:32:01,0,0,00:00:00,00:00:00
2012-10-17 03:33:01,0,0,00:00:00,00:00:00
2012-10-17 03:34:01,0,0,00:00:00,00:00:00
2012-10-17 03:35:01,0,0,00:00:00,00:00:00
2012-10-17 03:36:01,0,0,00:00:00,00:00:00
2012-10-17 03:37:02,0,0,00:00:00,00:00:00
2012-10-17 03:38:01,0,0,00:00:00,00:00:00
2012-10-17 03:39:01,0,0,00:00:00,00:00:00
2012-10-17 03:40:01,0,0,00:00:00,00:00:00
2012-10-17 03:41:01,0,0,00:00:00,00:00:00
2012-10-17 03:42:01,0,0,00:00:00,00:00:00
2012-10-17 03:43:01,0,0,00:00:00,00:00:00
2012-10-17 03:44:01,0,0,00:00:00,00:00:00
2012-10-17 03:45:01,0,0,00:00:00,00:00:00
2012-10-17 03:46:01,0,0,00:00:00,00:00:00
2012-10-17 03:47:01,0,0,00:00:00,00:00:00
2012-10-17 03:48:01,0,0,00:00:00,00:00:00
2012-10-17 03:49:01,0,0,00:00:00,00:00:00
2012-10-17 03:50:01,0,0,00:00:00,00:00:00
2012-10-17 03:51:01,0,0,00:00:00,00:00:00
2012-10-17 03:52:01,0,0,00:00:00,00:00:00
2012-10-17 03:53:01,0,0,00:00:00,00:00:00
2012-10-17 03:54:01,0,0,00:00:00,00:00:00
2012-10-17 03:55:01,0,0,00:00:00,00:00:00
2012-10-17 03:56:01,0,0,00:00:00,00:00:00
2012-10-17 03:57:01,0,0,00:00:00,00:00:00
2012-10-17 03:58:01,0,0,00:00:00,00:00:00
2012-10-17 03:59:01,0,0,00:00:00,00:00:00
2012-10-17 04:00:02,0,0,00:00:00,00:00:00
2012-10-17 04:01:01,0,0,00:00:00,00:00:00
2012-10-17 04:02:01,0,0,00:00:00,00:00:00
2012-10-17 04:03:01,0,0,00:00:00,00:00:00
2012-10-17 04:04:01,0,0,00:00:00,00:00:00
2012-10-17 04:05:01,0,0,00:00:00,00:00:00
2012-10-17 04:06:01,0,0,00:00:00,00:00:00
2012-10-17 04:07:01,0,0,00:00:00,00:00:00
2012-10-17 04:08:01,0,0,00:00:00,00:00:00
2012-10-17 04:09:01,0,0,00:00:00,00:00:00
2012-10-17 04:10:01,0,0,00:00:00,00:00:00
2012-10-17 04:11:01,0,0,00:00:00,00:00:01
2012-10-17 04:12:01,0,0,00:00:00,00:00:00
2012-10-17 04:13:01,0,0,00:00:00,00:00:00
2012-10-17 04:14:01,0,0,00:00:00,00:00:00
2012-10-17 04:15:01,0,0,00:00:00,00:00:00
2012-10-17 04:16:01,0,0,00:00:00,00:00:00
2012-10-17 04:17:01,0,0,00:00:00,00:00:00
2012-10-17 04:18:01,0,0,00:00:00,00:00:00
2012-10-17 04:19:01,0,0,00:00:00,00:00:00
2012-10-17 04:20:01,0,0,00:00:00,00:00:00
2012-10-17 04:21:01,0,0,00:00:00,00:00:00
2012-10-17 04:22:01,0,0,00:00:00,00:00:00
2012-10-17 04:23:02,0,0,00:00:00,00:00:00
2012-10-17 04:24:01,0,0,00:00:00,00:00:00
2012-10-17 04:25:01,0,0,00:00:00,00:00:00
2012-10-17 04:26:01,0,0,00:00:00,00:00:00
2012-10-17 04:27:01,0,0,00:00:00,00:00:00
2012-10-17 04:28:01,0,0,00:00:00,00:00:00
2012-10-17 04:29:01,0,0,00:00:00,00:00:00
2012-10-17 04:30:01,0,0,00:00:00,00:00:00
2012-10-17 04:31:01,0,0,00:00:00,00:00:00
2012-10-17 04:32:01,0,0,00:00:00,00:00:00
2012-10-17 04:33:01,0,0,00:00:00,00:00:00
2012-10-17 04:34:02,0,0,00:00:00,00:00:00
2012-10-17 04:35:01,0,0,00:00:00,00:00:00
2012-10-17 04:36:01,0,0,00:00:00,00:00:00
2012-10-17 04:37:01,0,0,00:00:00,00:00:00
2012-10-17 04:38:01,0,0,00:00:00,00:00:00
2012-10-17 04:39:01,0,0,00:00:00,00:00:00
2012-10-17 04:40:01,0,0,00:00:00,00:00:00
2012-10-17 04:41:01,0,0,00:00:00,00:00:00
2012-10-17 04:42:01,0,0,00:00:00,00:00:00
2012-10-17 04:43:01,0,0,00:00:00,00:00:00
2012-10-17 04:44:01,0,0,00:00:00,00:00:00
2012-10-17 04:45:01,0,0,00:00:00,00:00:01
2012-10-17 04:46:01,0,0,00:00:00,00:00:00
2012-10-17 04:47:01,0,0,00:00:00,00:00:00
2012-10-17 04:48:01,0,0,00:00:00,00:00:00
2012-10-17 04:49:01,0,0,00:00:00,00:00:00
2012-10-17 04:50:01,0,0,00:00:00,00:00:00
2012-10-17 04:51:01,0,0,00:00:00,00:00:00
2012-10-17 04:52:01,0,0,00:00:00,00:00:00
2012-10-17 04:53:01,0,0,00:00:00,00:00:00
2012-10-17 04:54:01,0,0,00:00:00,00:00:00
2012-10-17 04:55:01,0,0,00:00:00,00:00:00
2012-10-17 04:56:01,0,0,00:00:00,00:00:00
2012-10-17 04:57:02,0,0,00:00:00,00:00:00
2012-10-17 04:58:01,0,0,00:00:00,00:00:00
2012-10-17 04:59:01,0,0,00:00:00,00:00:00
2012-10-17 05:00:01,0,0,00:00:00,00:00:00
2012-10-17 05:01:01,0,0,00:00:00,00:00:00
2012-10-17 05:02:01,0,0,00:00:00,00:00:00
2012-10-17 05:03:01,0,0,00:00:00,00:00:00
2012-10-17 05:04:01,0,0,00:00:00,00:00:00
2012-10-17 05:05:01,0,0,00:00:00,00:00:00
2012-10-17 05:06:01,0,0,00:00:00,00:00:00
2012-10-17 05:07:01,0,0,00:00:00,00:00:00
2012-10-17 05:08:02,0,0,00:00:00,00:00:00
2012-10-17 05:09:01,0,0,00:00:00,00:00:00
2012-10-17 05:10:01,0,0,00:00:00,00:00:00
2012-10-17 05:11:01,0,0,00:00:00,00:00:00
2012-10-17 05:12:01,0,0,00:00:00,00:00:00
2012-10-17 05:13:01,0,0,00:00:00,00:00:00
2012-10-17 05:14:01,0,0,00:00:00,00:00:00
2012-10-17 05:15:01,0,0,00:00:00,00:00:00
2012-10-17 05:16:01,0,0,00:00:00,00:00:00
2012-10-17 05:17:01,0,0,00:00:00,00:00:00
2012-10-17 05:18:01,0,0,00:00:00,00:00:00
2012-10-17 05:19:01,0,0,00:00:00,00:00:00
2012-10-17 05:20:02,0,0,00:00:00,00:00:00
2012-10-17 05:21:01,0,0,00:00:00,00:00:00
2012-10-17 05:22:01,0,0,00:00:00,00:00:00
2012-10-17 05:23:01,0,0,00:00:00,00:00:00
2012-10-17 05:24:01,0,0,00:00:00,00:00:00
2012-10-17 05:25:01,0,0,00:00:00,00:00:00
2012-10-17 05:26:01,0,0,00:00:00,00:00:00
2012-10-17 05:27:01,0,0,00:00:00,00:00:00
2012-10-17 05:28:01,0,0,00:00:00,00:00:00
2012-10-17 05:29:01,0,0,00:00:00,00:00:00
2012-10-17 05:30:01,0,0,00:00:00,00:00:00
2012-10-17 05:31:02,0,0,00:00:00,00:00:00
2012-10-17 05:32:01,0,0,00:00:00,00:00:00
2012-10-17 05:33:01,0,0,00:00:00,00:00:00
2012-10-17 05:34:01,0,0,00:00:00,00:00:00
2012-10-17 05:35:01,0,0,00:00:00,00:00:00
2012-10-17 05:36:01,0,0,00:00:00,00:00:00
2012-10-17 05:37:01,0,0,00:00:00,00:00:00
2012-10-17 05:38:01,0,0,00:00:00,00:00:00
2012-10-17 05:39:01,0,0,00:00:00,00:00:00
2012-10-17 05:40:01,0,0,00:00:00,00:00:00
2012-10-17 05:41:01,0,0,00:00:00,00:00:00
2012-10-17 05:42:01,0,0,00:00:00,00:00:00
2012-10-17 05:43:02,0,0,00:00:00,00:00:00
2012-10-17 05:44:01,0,0,00:00:00,00:00:00
2012-10-17 05:45:01,0,0,00:00:00,00:00:00
2012-10-17 05:46:01,0,0,00:00:00,00:00:00
2012-10-17 05:47:01,0,0,00:00:00,00:00:00
2012-10-17 05:48:01,0,0,00:00:00,00:00:00
2012-10-17 05:49:01,0,0,00:00:00,00:00:00
2012-10-17 05:50:01,0,0,00:00:00,00:00:00
2012-10-17 05:51:01,0,0,00:00:00,00:00:00
2012-10-17 05:52:01,0,0,00:00:00,00:00:00
2012-10-17 05:53:01,0,0,00:00:00,00:00:00
2012-10-17 05:54:01,0,0,00:00:00,00:00:00
2012-10-17 05:55:01,0,0,00:00:00,00:00:00
2012-10-17 05:56:01,0,0,00:00:00,00:00:00
2012-10-17 05:57:01,0,0,00:00:00,00:00:00
2012-10-17 05:58:01,0,0,00:00:00,00:00:00
2012-10-17 05:59:01,0,0,00:00:00,00:00:00
2012-10-17 06:00:01,0,0,00:00:00,00:00:00
2012-10-17 06:01:01,0,0,00:00:00,00:00:00
2012-10-17 06:02:01,0,0,00:00:00,00:00:00
2012-10-17 06:03:01,0,0,00:00:00,00:00:00
2012-10-17 06:04:01,0,0,00:00:00,00:00:00
2012-10-17 06:05:01,0,0,00:00:00,00:00:00
2012-10-17 06:06:02,0,0,00:00:00,00:00:00
2012-10-17 06:07:01,0,0,00:00:00,00:00:00
2012-10-17 06:08:01,0,0,00:00:00,00:00:00
2012-10-17 06:09:01,0,0,00:00:00,00:00:00
2012-10-17 06:10:01,0,0,00:00:00,00:00:00
2012-10-17 06:11:01,0,0,00:00:00,00:00:00
2012-10-17 06:12:01,0,0,00:00:00,00:00:00
2012-10-17 06:13:01,0,0,00:00:00,00:00:00
2012-10-17 06:14:01,0,0,00:00:00,00:00:00
2012-10-17 06:15:01,0,0,00:00:00,00:00:00
2012-10-17 06:16:01,0,0,00:00:00,00:00:00
2012-10-17 06:17:02,0,0,00:00:00,00:00:00
2012-10-17 06:18:01,0,0,00:00:00,00:00:00
2012-10-17 06:19:01,0,0,00:00:00,00:00:00
2012-10-17 06:20:01,0,0,00:00:00,00:00:00
2012-10-17 06:21:01,0,0,00:00:00,00:00:00
2012-10-17 06:22:01,0,0,00:00:00,00:00:00
2012-10-17 06:23:01,0,0,00:00:00,00:00:00
2012-10-17 06:24:01,0,0,00:00:00,00:00:00
2012-10-17 06:25:01,0,0,00:00:00,00:00:00
2012-10-17 06:26:01,0,0,00:00:00,00:00:00
2012-10-17 06:27:01,0,0,00:00:00,00:00:00
2012-10-17 06:28:01,0,0,00:00:00,00:00:00
2012-10-17 06:29:02,0,0,00:00:00,00:00:00
2012-10-17 06:30:01,0,0,00:00:00,00:00:00
2012-10-17 06:31:01,0,0,00:00:00,00:00:00
2012-10-17 06:32:01,0,0,00:00:00,00:00:00
2012-10-17 06:33:01,0,0,00:00:00,00:00:00
2012-10-17 06:34:01,0,0,00:00:00,00:00:00
2012-10-17 06:35:01,0,0,00:00:00,00:00:00
2012-10-17 06:36:01,0,0,00:00:00,00:00:00
2012-10-17 06:37:01,0,0,00:00:00,00:00:00
2012-10-17 06:38:01,0,0,00:00:00,00:00:00
2012-10-17 06:39:01,0,0,00:00:00,00:00:00
2012-10-17 06:40:01,0,0,00:00:00,00:00:00
2012-10-17 06:41:01,0,0,00:00:00,00:00:00
2012-10-17 06:42:01,0,0,00:00:00,00:00:00
2012-10-17 06:43:01,0,0,00:00:00,00:00:00
2012-10-17 06:44:01,0,0,00:00:00,00:00:00
2012-10-17 06:45:01,0,0,00:00:00,00:00:00
2012-10-17 06:46:01,0,0,00:00:00,00:00:00
2012-10-17 06:47:01,0,0,00:00:00,00:00:00
2012-10-17 06:48:01,0,0,00:00:00,00:00:00
2012-10-17 06:49:01,0,0,00:00:00,00:00:00
2012-10-17 06:50:01,0,0,00:00:00,00:00:00
2012-10-17 06:51:01,0,0,00:00:00,00:00:00
2012-10-17 06:52:02,0,0,00:00:00,00:00:00
2012-10-17 06:53:01,0,0,00:00:00,00:00:00
2012-10-17 06:54:01,0,0,00:00:00,00:00:00
2012-10-17 06:55:01,0,0,00:00:00,00:00:00
2012-10-17 06:56:01,0,0,00:00:00,00:00:00
2012-10-17 06:57:01,0,0,00:00:00,00:00:00
2012-10-17 06:58:01,0,0,00:00:00,00:00:00
2012-10-17 06:59:01,0,0,00:00:00,00:00:00
2012-10-17 07:00:01,0,0,00:00:00,00:00:00
2012-10-17 07:01:01,0,0,00:00:00,00:00:00
2012-10-17 07:02:01,0,0,00:00:00,00:00:00
2012-10-17 07:03:01,0,0,00:00:00,00:00:00
2012-10-17 07:04:02,0,0,00:00:00,00:00:00
2012-10-17 07:05:01,0,0,00:00:00,00:00:00
2012-10-17 07:06:01,0,0,00:00:00,00:00:00
2012-10-17 07:07:01,0,0,00:00:00,00:00:00
2012-10-17 07:08:01,0,0,00:00:00,00:00:00
2012-10-17 07:09:01,0,0,00:00:00,00:00:00
2012-10-17 07:10:01,0,0,00:00:00,00:00:00
2012-10-17 07:11:01,0,0,00:00:00,00:00:00
2012-10-17 07:12:01,0,0,00:00:00,00:00:00
2012-10-17 07:13:01,0,0,00:00:00,00:00:00
2012-10-17 07:14:01,0,0,00:00:00,00:00:00
2012-10-17 07:15:02,0,0,00:00:00,00:00:00
2012-10-17 07:16:01,0,0,00:00:00,00:00:00
2012-10-17 07:17:01,0,0,00:00:00,00:00:00
2012-10-17 07:18:01,0,0,00:00:00,00:00:00
2012-10-17 07:19:01,0,0,00:00:00,00:00:00
2012-10-17 07:20:01,0,0,00:00:00,00:00:00
2012-10-17 07:21:01,0,0,00:00:00,00:00:00
2012-10-17 07:22:01,0,0,00:00:00,00:00:00
2012-10-17 07:23:01,0,0,00:00:00,00:00:00
2012-10-17 07:24:01,0,0,00:00:00,00:00:00
2012-10-17 07:25:01,0,0,00:00:00,00:00:00
2012-10-17 07:26:01,0,0,00:00:00,00:00:00
2012-10-17 07:27:01,0,0,00:00:00,00:00:00
2012-10-17 07:28:01,0,0,00:00:00,00:00:00
2012-10-17 07:29:01,0,0,00:00:00,00:00:00
2012-10-17 07:30:01,0,0,00:00:00,00:00:00
2012-10-17 07:31:01,0,0,00:00:00,00:00:00
2012-10-17 07:32:01,0,0,00:00:00,00:00:00
2012-10-17 07:33:01,0,0,00:00:00,00:00:00
2012-10-17 07:34:01,0,0,00:00:00,00:00:00
2012-10-17 07:35:01,0,0,00:00:00,00:00:00
2012-10-17 07:36:01,0,0,00:00:00,00:00:00
2012-10-17 07:37:01,0,0,00:00:00,00:00:00
2012-10-17 07:38:02,0,0,00:00:00,00:00:00
2012-10-17 07:39:01,0,0,00:00:00,00:00:00
2012-10-17 07:40:01,0,0,00:00:00,00:00:00
2012-10-17 07:41:01,0,0,00:00:00,00:00:00
2012-10-17 07:42:01,0,0,00:00:00,00:00:00
2012-10-17 07:43:01,0,0,00:00:00,00:00:00
2012-10-17 07:44:01,0,0,00:00:00,00:00:00
2012-10-17 07:45:01,0,0,00:00:00,00:00:00
2012-10-17 07:46:01,0,0,00:00:00,00:00:00
2012-10-17 07:47:01,0,0,00:00:00,00:00:00
2012-10-17 07:48:01,0,0,00:00:00,00:00:00
2012-10-17 07:49:02,0,0,00:00:00,00:00:00
2012-10-17 07:50:01,0,0,00:00:00,00:00:00
2012-10-17 07:51:01,0,0,00:00:00,00:00:00
2012-10-17 07:52:01,0,0,00:00:00,00:00:00
2012-10-17 07:53:01,0,0,00:00:00,00:00:00
2012-10-17 07:54:01,0,0,00:00:00,00:00:00
2012-10-17 07:55:01,0,0,00:00:00,00:00:00
2012-10-17 07:56:01,0,0,00:00:00,00:00:00
2012-10-17 07:57:01,0,0,00:00:00,00:00:00
2012-10-17 07:58:01,0,0,00:00:00,00:00:00
2012-10-17 07:59:01,0,0,00:00:00,00:00:00
2012-10-17 08:00:01,0,0,00:00:00,00:00:00
2012-10-17 08:01:02,0,0,00:00:00,00:00:00
2012-10-17 08:02:01,0,0,00:00:00,00:00:00
2012-10-17 08:03:01,0,0,00:00:00,00:00:00
2012-10-17 08:04:01,0,0,00:00:00,00:00:00
2012-10-17 08:05:01,0,0,00:00:00,00:00:00
2012-10-17 08:06:01,0,0,00:00:00,00:00:00
2012-10-17 08:07:01,0,0,00:00:00,00:00:00
2012-10-17 08:08:01,0,0,00:00:00,00:00:00
2012-10-17 08:09:01,0,0,00:00:00,00:00:00
2012-10-17 08:10:01,0,0,00:00:00,00:00:00
2012-10-17 08:11:01,0,0,00:00:00,00:00:00
2012-10-17 08:12:01,0,0,00:00:00,00:00:01
2012-10-17 08:13:01,0,0,00:00:00,00:00:00
2012-10-17 08:14:01,0,0,00:00:00,00:00:00
2012-10-17 08:15:01,0,0,00:00:00,00:00:00
2012-10-17 08:16:01,0,0,00:00:00,00:00:00
2012-10-17 08:17:01,0,0,00:00:00,00:00:00
2012-10-17 08:18:01,0,0,00:00:00,00:00:00
2012-10-17 08:19:01,0,0,00:00:00,00:00:00
2012-10-17 08:20:01,0,0,00:00:00,00:00:00
2012-10-17 08:21:01,0,0,00:00:00,00:00:00
2012-10-17 08:22:01,0,0,00:00:00,00:00:00
2012-10-17 08:23:01,0,0,00:00:00,00:00:00
2012-10-17 08:24:02,0,0,00:00:00,00:00:00
2012-10-17 08:25:01,0,0,00:00:00,00:00:00
2012-10-17 08:26:01,0,0,00:00:00,00:00:00
2012-10-17 08:27:01,0,0,00:00:00,00:00:00
2012-10-17 08:28:01,0,0,00:00:00,00:00:00
2012-10-17 08:29:01,0,0,00:00:00,00:00:00
2012-10-17 08:30:01,0,0,00:00:00,00:00:00
2012-10-17 08:31:01,0,0,00:00:00,00:00:00
2012-10-17 08:32:01,0,0,00:00:00,00:00:00
2012-10-17 08:33:01,0,0,00:00:00,00:00:00
2012-10-17 08:34:01,0,0,00:00:00,00:00:00
2012-10-17 08:35:02,0,0,00:00:00,00:00:00
2012-10-17 08:36:01,0,0,00:00:00,00:00:00
2012-10-17 08:37:01,0,0,00:00:00,00:00:00
2012-10-17 08:38:01,0,0,00:00:00,00:00:00
2012-10-17 08:39:01,0,0,00:00:00,00:00:00
2012-10-17 08:40:01,0,0,00:00:00,00:00:00
2012-10-17 08:41:01,0,0,00:00:00,00:00:00
2012-10-17 08:42:01,0,0,00:00:00,00:00:00
2012-10-17 08:43:01,0,0,00:00:00,00:00:00
2012-10-17 08:44:01,0,0,00:00:00,00:00:00
2012-10-17 08:45:01,0,0,00:00:00,00:00:00
2012-10-17 08:46:01,0,0,00:00:00,00:00:00
2012-10-17 08:47:01,0,0,00:00:00,00:00:00
2012-10-17 08:48:01,0,0,00:00:00,00:00:00
2012-10-17 08:49:01,0,0,00:00:00,00:00:00
2012-10-17 08:50:01,0,0,00:00:00,00:00:00
2012-10-17 08:51:01,0,0,00:00:00,00:00:00
2012-10-17 08:52:01,0,0,00:00:00,00:00:00
2012-10-17 08:53:01,0,0,00:00:00,00:00:00
2012-10-17 08:54:01,0,0,00:00:00,00:00:00
2012-10-17 08:55:01,0,0,00:00:00,00:00:00
2012-10-17 08:56:01,0,0,00:00:00,00:00:00
2012-10-17 08:57:01,0,0,00:00:00,00:00:00
2012-10-17 08:58:01,0,0,00:00:00,00:00:00
2012-10-17 08:59:01,0,0,00:00:00,00:00:00
2012-10-17 09:00:01,0,0,00:00:00,00:00:00
2012-10-17 09:01:01,0,0,00:00:00,00:00:00
2012-10-17 09:02:01,0,0,00:00:00,00:00:00
2012-10-17 09:03:01,0,0,00:00:00,00:00:00
2012-10-17 09:04:01,0,0,00:00:00,00:00:00
2012-10-17 09:05:01,0,0,00:00:00,00:00:00
2012-10-17 09:06:01,0,0,00:00:00,00:00:00
2012-10-17 09:07:01,0,0,00:00:00,00:00:00
2012-10-17 09:08:01,0,0,00:00:00,00:00:00
2012-10-17 09:09:01,0,0,00:00:00,00:00:00
2012-10-17 09:10:02,0,0,00:00:00,00:00:00
2012-10-17 09:11:01,0,0,00:00:00,00:00:00
2012-10-17 09:12:01,0,0,00:00:00,00:00:00
2012-10-17 09:13:01,0,0,00:00:00,00:00:00
2012-10-17 09:14:01,0,0,00:00:00,00:00:00
2012-10-17 09:15:01,0,0,00:00:00,00:00:00
2012-10-17 09:16:01,0,0,00:00:00,00:00:00
2012-10-17 09:17:01,0,0,00:00:00,00:00:00
2012-10-17 09:18:01,0,0,00:00:00,00:00:00
2012-10-17 09:19:01,0,0,00:00:00,00:00:00
2012-10-17 09:20:01,0,0,00:00:00,00:00:00
2012-10-17 09:21:02,0,0,00:00:00,00:00:00
2012-10-17 09:22:01,0,0,00:00:00,00:00:00
2012-10-17 09:23:01,0,0,00:00:00,00:00:00
2012-10-17 09:24:01,0,0,00:00:00,00:00:00
2012-10-17 09:25:01,0,0,00:00:00,00:00:00
2012-10-17 09:26:01,0,0,00:00:00,00:00:00
2012-10-17 09:27:01,0,0,00:00:00,00:00:00
2012-10-17 09:28:01,0,0,00:00:00,00:00:00
2012-10-17 09:29:01,0,0,00:00:00,00:00:00
2012-10-17 09:30:01,0,0,00:00:00,00:00:00
2012-10-17 09:31:01,0,0,00:00:00,00:00:00
2012-10-17 09:32:01,0,0,00:00:00,00:00:01
2012-10-17 09:33:01,0,0,00:00:00,00:00:00
2012-10-17 09:34:01,0,0,00:00:00,00:00:00
2012-10-17 09:35:01,0,0,00:00:00,00:00:00
2012-10-17 09:36:01,0,0,00:00:00,00:00:00
2012-10-17 09:37:01,0,0,00:00:00,00:00:00
2012-10-17 09:38:01,0,0,00:00:00,00:00:00
2012-10-17 09:39:01,0,0,00:00:00,00:00:00
2012-10-17 09:40:01,0,0,00:00:00,00:00:00
2012-10-17 09:41:01,0,0,00:00:00,00:00:00
2012-10-17 09:42:01,0,0,00:00:00,00:00:00
2012-10-17 09:43:01,0,0,00:00:00,00:00:00
2012-10-17 09:44:02,0,0,00:00:00,00:00:00
2012-10-17 09:45:01,0,0,00:00:00,00:00:00
2012-10-17 09:46:01,0,0,00:00:00,00:00:00
2012-10-17 09:47:01,0,0,00:00:00,00:00:00
2012-10-17 09:48:01,0,0,00:00:00,00:00:00
2012-10-17 09:49:01,0,0,00:00:00,00:00:00
2012-10-17 09:50:01,0,0,00:00:00,00:00:00
2012-10-17 09:51:01,0,0,00:00:00,00:00:00
2012-10-17 09:52:01,0,0,00:00:00,00:00:00
2012-10-17 09:53:01,0,0,00:00:00,00:00:00
2012-10-17 09:54:01,0,0,00:00:00,00:00:00
2012-10-17 09:55:02,0,0,00:00:00,00:00:00
2012-10-17 09:56:01,0,0,00:00:00,00:00:00
2012-10-17 09:57:01,0,0,00:00:00,00:00:00
2012-10-17 09:58:01,0,0,00:00:00,00:00:00
2012-10-17 09:59:01,0,0,00:00:00,00:00:00
2012-10-17 10:00:01,0,0,00:00:00,00:00:00
2012-10-17 10:01:01,0,0,00:00:00,00:00:00
2012-10-17 10:02:01,0,0,00:00:00,00:00:00
2012-10-17 10:03:01,0,0,00:00:00,00:00:00
2012-10-17 10:04:01,0,0,00:00:00,00:00:00
2012-10-17 10:05:01,0,0,00:00:00,00:00:00
2012-10-17 10:06:01,0,0,00:00:00,00:00:00
2012-10-17 10:07:02,0,0,00:00:00,00:00:00
2012-10-17 10:08:01,0,0,00:00:00,00:00:00
2012-10-17 10:09:01,0,0,00:00:00,00:00:00
2012-10-17 10:10:01,0,0,00:00:00,00:00:00
2012-10-17 10:11:01,0,0,00:00:00,00:00:00
2012-10-17 10:12:01,0,0,00:00:00,00:00:00
2012-10-17 10:13:01,0,0,00:00:00,00:00:00
2012-10-17 10:14:01,0,0,00:00:00,00:00:00
2012-10-17 10:15:01,0,0,00:00:00,00:00:00
2012-10-17 10:16:01,0,0,00:00:00,00:00:00
2012-10-17 10:17:01,0,0,00:00:00,00:00:00
2012-10-17 10:18:01,0,0,00:00:00,00:00:00
2012-10-17 10:19:01,0,0,00:00:00,00:00:00
2012-10-17 10:20:01,0,0,00:00:00,00:00:00
2012-10-17 10:21:01,0,0,00:00:00,00:00:00
2012-10-17 10:22:01,0,0,00:00:00,00:00:00
2012-10-17 10:23:01,0,0,00:00:00,00:00:00
2012-10-17 10:24:01,0,0,00:00:00,00:00:00
2012-10-17 10:25:01,0,0,00:00:00,00:00:00
2012-10-17 10:26:01,0,0,00:00:00,00:00:00
2012-10-17 10:27:01,0,0,00:00:00,00:00:00
2012-10-17 10:28:01,0,0,00:00:00,00:00:00
2012-10-17 10:29:01,0,0,00:00:00,00:00:00
2012-10-17 10:30:02,0,0,00:00:00,00:00:00
2012-10-17 10:31:01,0,0,00:00:00,00:00:00
2012-10-17 10:32:01,0,0,00:00:00,00:00:00
2012-10-17 10:33:01,0,0,00:00:00,00:00:00
2012-10-17 10:34:01,0,0,00:00:00,00:00:00
2012-10-17 10:35:01,0,0,00:00:00,00:00:00
2012-10-17 10:36:01,0,0,00:00:00,00:00:00
2012-10-17 10:37:01,0,0,00:00:00,00:00:00
2012-10-17 10:38:01,0,0,00:00:00,00:00:00
2012-10-17 10:39:01,0,0,00:00:00,00:00:00
2012-10-17 10:40:01,0,0,00:00:00,00:00:00
2012-10-17 10:41:01,0,0,00:00:00,00:00:01
2012-10-17 10:42:01,0,0,00:00:00,00:00:00
2012-10-17 10:43:01,0,0,00:00:00,00:00:00
2012-10-17 10:44:01,0,0,00:00:00,00:00:00
2012-10-17 10:45:01,0,0,00:00:00,00:00:00
2012-10-17 10:46:01,0,0,00:00:00,00:00:00
2012-10-17 10:47:01,0,0,00:00:00,00:00:00
2012-10-17 10:48:01,0,0,00:00:00,00:00:00
2012-10-17 10:49:01,0,0,00:00:00,00:00:00
2012-10-17 10:50:01,0,0,00:00:00,00:00:00
2012-10-17 10:51:01,0,0,00:00:00,00:00:00
2012-10-17 10:52:01,0,0,00:00:00,00:00:00
2012-10-17 10:53:02,0,0,00:00:00,00:00:00
2012-10-17 10:54:01,0,0,00:00:00,00:00:00
2012-10-17 10:55:01,0,0,00:00:00,00:00:00
2012-10-17 10:56:01,0,0,00:00:00,00:00:00
2012-10-17 10:57:01,0,0,00:00:00,00:00:00
2012-10-17 10:58:01,0,0,00:00:00,00:00:00
2012-10-17 10:59:01,0,0,00:00:00,00:00:00
2012-10-17 11:00:01,0,0,00:00:00,00:00:00
2012-10-17 11:01:01,0,0,00:00:00,00:00:00
2012-10-17 11:02:01,0,0,00:00:00,00:00:00
2012-10-17 11:03:01,0,0,00:00:00,00:00:00
2012-10-17 11:04:01,0,0,00:00:00,00:00:00
2012-10-17 11:05:01,0,0,00:00:00,00:00:00
2012-10-17 11:06:01,0,0,00:00:00,00:00:00
2012-10-17 11:07:01,0,0,00:00:00,00:00:00
2012-10-17 11:08:01,0,0,00:00:00,00:00:00
2012-10-17 11:09:01,0,0,00:00:00,00:00:00
2012-10-17 11:10:01,0,0,00:00:00,00:00:00
2012-10-17 11:11:01,0,0,00:00:00,00:00:00
2012-10-17 11:12:01,0,0,00:00:00,00:00:00
2012-10-17 11:13:01,0,0,00:00:00,00:00:00
2012-10-17 11:14:01,0,0,00:00:00,00:00:00
2012-10-17 11:15:01,0,0,00:00:00,00:00:00
2012-10-17 11:16:02,0,0,00:00:00,00:00:00
2012-10-17 11:17:01,0,0,00:00:00,00:00:00
2012-10-17 11:18:01,0,0,00:00:00,00:00:00
2012-10-17 11:19:01,0,0,00:00:00,00:00:00
2012-10-17 11:20:01,0,0,00:00:00,00:00:00
2012-10-17 11:21:01,0,0,00:00:00,00:00:00
2012-10-17 11:22:01,0,0,00:00:00,00:00:00
2012-10-17 11:23:01,0,0,00:00:00,00:00:00
2012-10-17 11:24:01,0,0,00:00:00,00:00:00
2012-10-17 11:25:01,0,0,00:00:00,00:00:00
2012-10-17 11:26:01,0,0,00:00:00,00:00:00
2012-10-17 11:27:01,0,0,00:00:00,00:00:00
2012-10-17 11:28:02,0,0,00:00:00,00:00:00
2012-10-17 11:29:01,0,0,00:00:00,00:00:00
2012-10-17 11:30:01,0,0,00:00:00,00:00:00
2012-10-17 11:31:01,0,0,00:00:00,00:00:00
2012-10-17 11:32:01,0,0,00:00:00,00:00:00
2012-10-17 11:33:01,0,0,00:00:00,00:00:00
2012-10-17 11:34:01,0,0,00:00:00,00:00:00
2012-10-17 11:35:01,0,0,00:00:00,00:00:00
2012-10-17 11:36:01,0,0,00:00:00,00:00:00
2012-10-17 11:37:01,0,0,00:00:00,00:00:00
2012-10-17 11:38:01,0,0,00:00:00,00:00:00
2012-10-17 11:39:02,0,0,00:00:00,00:00:00
2012-10-17 11:40:01,0,0,00:00:00,00:00:00
2012-10-17 11:41:01,0,0,00:00:00,00:00:00
2012-10-17 11:42:01,0,0,00:00:00,00:00:00
2012-10-17 11:43:01,0,0,00:00:00,00:00:00
2012-10-17 11:44:01,0,0,00:00:00,00:00:00
2012-10-17 11:45:01,0,0,00:00:00,00:00:00
2012-10-17 11:46:01,0,0,00:00:00,00:00:00
2012-10-17 11:47:01,0,0,00:00:00,00:00:00
2012-10-17 11:48:01,0,0,00:00:00,00:00:00
2012-10-17 11:49:01,0,0,00:00:00,00:00:00
2012-10-17 11:50:02,0,0,00:00:00,00:00:00
2012-10-17 11:51:01,0,0,00:00:00,00:00:00
2012-10-17 11:52:01,0,0,00:00:00,00:00:00
2012-10-17 11:53:01,0,0,00:00:00,00:00:00
2012-10-17 11:54:01,0,0,00:00:00,00:00:00
2012-10-17 11:55:01,0,0,00:00:00,00:00:00
2012-10-17 11:56:01,0,0,00:00:00,00:00:00
2012-10-17 11:57:01,0,0,00:00:00,00:00:00
2012-10-17 11:58:01,0,0,00:00:00,00:00:00
2012-10-17 11:59:01,0,0,00:00:00,00:00:00
2012-10-17 12:00:01,0,0,00:00:00,00:00:00
2012-10-17 12:01:01,0,0,00:00:00,00:00:00
2012-10-17 12:02:02,0,0,00:00:00,00:00:00
2012-10-17 12:03:01,0,0,00:00:00,00:00:00
2012-10-17 12:04:01,0,0,00:00:00,00:00:00
2012-10-17 12:05:01,0,0,00:00:00,00:00:00
2012-10-17 12:06:01,0,0,00:00:00,00:00:00
2012-10-17 12:07:01,0,0,00:00:00,00:00:00
2012-10-17 12:08:01,0,0,00:00:00,00:00:00
2012-10-17 12:09:01,0,0,00:00:00,00:00:00
2012-10-17 12:10:01,0,0,00:00:00,00:00:00
2012-10-17 12:11:01,0,0,00:00:00,00:00:00
2012-10-17 12:12:01,0,0,00:00:00,00:00:00
2012-10-17 12:13:02,0,0,00:00:00,00:00:00
2012-10-17 12:14:01,0,0,00:00:00,00:00:00
2012-10-17 12:15:01,0,0,00:00:00,00:00:00
2012-10-17 12:16:01,0,0,00:00:00,00:00:00
2012-10-17 12:17:01,0,0,00:00:00,00:00:00
2012-10-17 12:18:01,0,0,00:00:00,00:00:00
2012-10-17 12:19:01,0,0,00:00:00,00:00:00
2012-10-17 12:20:01,0,0,00:00:00,00:00:00
2012-10-17 12:21:01,0,0,00:00:00,00:00:00
2012-10-17 12:22:01,0,0,00:00:00,00:00:00
2012-10-17 12:23:01,0,0,00:00:00,00:00:00
2012-10-17 12:24:02,0,0,00:00:00,00:00:00
2012-10-17 12:25:01,0,0,00:00:00,00:00:00
2012-10-17 12:26:01,0,0,00:00:00,00:00:00
2012-10-17 12:27:01,0,0,00:00:00,00:00:00
2012-10-17 12:28:01,0,0,00:00:00,00:00:00
2012-10-17 12:29:01,0,0,00:00:00,00:00:00
2012-10-17 12:30:01,0,0,00:00:00,00:00:00
2012-10-17 12:31:01,0,0,00:00:00,00:00:00
2012-10-17 12:32:01,0,0,00:00:00,00:00:00
2012-10-17 12:33:01,0,0,00:00:00,00:00:00
2012-10-17 12:34:01,0,0,00:00:00,00:00:00
2012-10-17 12:35:02,0,0,00:00:00,00:00:00
2012-10-17 12:36:01,0,0,00:00:00,00:00:00
2012-10-17 12:37:01,0,0,00:00:00,00:00:00
2012-10-17 12:38:01,0,0,00:00:00,00:00:00
2012-10-17 12:39:01,0,0,00:00:00,00:00:00
2012-10-17 12:40:01,0,0,00:00:00,00:00:00
2012-10-17 12:41:01,0,0,00:00:00,00:00:00
2012-10-17 12:42:01,0,0,00:00:00,00:00:00
2012-10-17 12:43:01,0,0,00:00:00,00:00:00
2012-10-17 12:44:01,0,0,00:00:00,00:00:00
2012-10-17 12:45:01,0,0,00:00:00,00:00:00
2012-10-17 12:46:01,0,0,00:00:00,00:00:00
2012-10-17 12:47:02,0,0,00:00:00,00:00:00
2012-10-17 12:48:01,0,0,00:00:00,00:00:00
2012-10-17 12:49:01,0,0,00:00:00,00:00:00
2012-10-17 12:50:01,0,0,00:00:00,00:00:00
2012-10-17 12:51:01,0,0,00:00:00,00:00:00
2012-10-17 12:52:01,0,0,00:00:00,00:00:00
2012-10-17 12:53:01,0,0,00:00:00,00:00:00
2012-10-17 12:54:01,0,0,00:00:00,00:00:00
2012-10-17 12:55:01,0,0,00:00:00,00:00:00
2012-10-17 12:56:01,0,0,00:00:00,00:00:00
2012-10-17 12:57:01,0,0,00:00:00,00:00:00
2012-10-17 12:58:02,0,0,00:00:00,00:00:00
2012-10-17 12:59:01,0,0,00:00:00,00:00:00
2012-10-17 13:00:01,0,0,00:00:00,00:00:00
2012-10-17 13:01:01,0,0,00:00:00,00:00:00
2012-10-17 13:02:01,0,0,00:00:00,00:00:00
2012-10-17 13:03:01,0,0,00:00:00,00:00:00
2012-10-17 13:04:01,0,0,00:00:00,00:00:00
2012-10-17 13:05:01,0,0,00:00:00,00:00:00
2012-10-17 13:06:01,0,0,00:00:00,00:00:00
2012-10-17 13:07:01,0,0,00:00:00,00:00:00
2012-10-17 13:08:01,0,0,00:00:00,00:00:00
2012-10-17 13:09:02,0,0,00:00:00,00:00:00
2012-10-17 13:10:01,0,0,00:00:00,00:00:00
2012-10-17 13:11:01,0,0,00:00:00,00:00:00
2012-10-17 13:12:01,0,0,00:00:00,00:00:00
2012-10-17 13:13:01,0,0,00:00:00,00:00:00
2012-10-17 13:14:01,0,0,00:00:00,00:00:00
2012-10-17 13:15:01,0,0,00:00:00,00:00:00
2012-10-17 13:16:01,0,0,00:00:00,00:00:00
2012-10-17 13:17:01,0,0,00:00:00,00:00:00
2012-10-17 13:18:01,0,0,00:00:00,00:00:00
2012-10-17 13:19:01,0,0,00:00:00,00:00:00
2012-10-17 13:20:01,0,0,00:00:00,00:00:00
2012-10-17 13:21:02,0,0,00:00:00,00:00:00
2012-10-17 13:22:01,0,0,00:00:00,00:00:00
2012-10-17 13:23:01,0,0,00:00:00,00:00:00
2012-10-17 13:24:01,0,0,00:00:00,00:00:00
2012-10-17 13:25:01,0,0,00:00:00,00:00:00
2012-10-17 13:26:01,0,0,00:00:00,00:00:00
2012-10-17 13:27:01,0,0,00:00:00,00:00:00
2012-10-17 13:28:01,0,0,00:00:00,00:00:00
2012-10-17 13:29:01,0,0,00:00:00,00:00:00
2012-10-17 13:30:01,0,0,00:00:00,00:00:00
2012-10-17 13:31:01,0,0,00:00:00,00:00:00
2012-10-17 13:32:02,0,0,00:00:00,00:00:00
2012-10-17 13:33:01,0,0,00:00:00,00:00:00
2012-10-17 13:34:01,0,0,00:00:00,00:00:00
2012-10-17 13:35:01,0,0,00:00:00,00:00:00
2012-10-17 13:36:01,0,0,00:00:00,00:00:00
2012-10-17 13:37:01,0,0,00:00:00,00:00:00
2012-10-17 13:38:01,0,0,00:00:00,00:00:00
2012-10-17 13:39:01,0,0,00:00:00,00:00:00
2012-10-17 13:40:01,0,0,00:00:00,00:00:00
2012-10-17 13:41:01,0,0,00:00:00,00:00:00
2012-10-17 13:42:01,0,0,00:00:00,00:00:00
2012-10-17 13:43:02,0,0,00:00:00,00:00:00
2012-10-17 13:44:01,0,0,00:00:00,00:00:00
2012-10-17 13:45:01,0,0,00:00:00,00:00:00
2012-10-17 13:46:01,0,0,00:00:00,00:00:00
2012-10-17 13:47:01,0,0,00:00:00,00:00:00
2012-10-17 13:48:01,0,0,00:00:00,00:00:00
2012-10-17 13:49:01,0,0,00:00:00,00:00:00
2012-10-17 13:50:01,0,0,00:00:00,00:00:00
2012-10-17 13:51:01,0,0,00:00:00,00:00:00
2012-10-17 13:52:01,0,0,00:00:00,00:00:00
2012-10-17 13:53:01,0,0,00:00:00,00:00:00
2012-10-17 13:54:01,0,0,00:00:00,00:00:00
2012-10-17 13:55:01,0,0,00:00:00,00:00:00
2012-10-17 13:56:01,0,0,00:00:00,00:00:00
2012-10-17 13:57:01,0,0,00:00:00,00:00:00
2012-10-17 13:58:01,0,0,00:00:00,00:00:00
2012-10-17 13:59:01,0,0,00:00:00,00:00:00
2012-10-17 14:00:01,0,0,00:00:00,00:00:00
2012-10-17 14:01:01,0,0,00:00:00,00:00:00
2012-10-17 14:02:01,0,0,00:00:00,00:00:00
2012-10-17 14:03:01,0,0,00:00:00,00:00:00
2012-10-17 14:04:01,0,0,00:00:00,00:00:00
2012-10-17 14:05:01,0,0,00:00:00,00:00:00
2012-10-17 14:06:02,0,0,00:00:00,00:00:00
2012-10-17 14:07:01,0,0,00:00:00,00:00:00
2012-10-17 14:08:01,0,0,00:00:00,00:00:00
2012-10-17 14:09:01,0,0,00:00:00,00:00:00
2012-10-17 14:10:01,0,0,00:00:00,00:00:00
2012-10-17 14:11:01,0,0,00:00:00,00:00:00
2012-10-17 14:12:01,0,0,00:00:00,00:00:00
2012-10-17 14:13:01,0,0,00:00:00,00:00:00
2012-10-17 14:14:01,0,0,00:00:00,00:00:00
2012-10-17 14:15:01,0,0,00:00:00,00:00:00
2012-10-17 14:16:01,0,0,00:00:00,00:00:00
2012-10-17 14:17:02,0,0,00:00:00,00:00:00
2012-10-17 14:18:01,0,0,00:00:00,00:00:00
2012-10-17 14:19:01,0,0,00:00:00,00:00:00
2012-10-17 14:20:01,0,0,00:00:00,00:00:00
2012-10-17 14:21:01,0,0,00:00:00,00:00:00
2012-10-17 14:22:01,0,0,00:00:00,00:00:00
2012-10-17 14:23:01,0,0,00:00:00,00:00:00
2012-10-17 14:24:01,0,0,00:00:00,00:00:00
2012-10-17 14:25:01,0,0,00:00:00,00:00:00
2012-10-17 14:26:01,0,0,00:00:00,00:00:00
2012-10-17 14:27:01,0,0,00:00:00,00:00:00
2012-10-17 14:28:02,0,0,00:00:00,00:00:00
2012-10-17 14:29:01,0,0,00:00:00,00:00:00
2012-10-17 14:30:01,0,0,00:00:00,00:00:00
2012-10-17 14:31:01,0,0,00:00:00,00:00:00
2012-10-17 14:32:01,0,0,00:00:00,00:00:00
2012-10-17 14:33:01,0,0,00:00:00,00:00:00
2012-10-17 14:34:01,0,0,00:00:00,00:00:00
2012-10-17 14:35:01,0,0,00:00:00,00:00:00
2012-10-17 14:36:01,0,0,00:00:00,00:00:00
2012-10-17 14:37:01,0,0,00:00:00,00:00:00
2012-10-17 14:38:01,0,0,00:00:00,00:00:00
2012-10-17 14:39:01,0,0,00:00:00,00:00:00
2012-10-17 14:40:01,0,0,00:00:00,00:00:00
2012-10-17 14:41:01,0,0,00:00:00,00:00:00
2012-10-17 14:42:01,0,0,00:00:00,00:00:00
2012-10-17 14:43:01,0,0,00:00:00,00:00:00
2012-10-17 14:44:01,0,0,00:00:00,00:00:00
2012-10-17 14:45:01,0,0,00:00:00,00:00:00
2012-10-17 14:46:01,0,0,00:00:00,00:00:00
2012-10-17 14:47:01,0,0,00:00:00,00:00:00
2012-10-17 14:48:01,0,0,00:00:00,00:00:00
2012-10-17 14:49:01,0,0,00:00:00,00:00:00
2012-10-17 14:50:01,0,0,00:00:00,00:00:00
2012-10-17 14:51:02,0,0,00:00:00,00:00:00
2012-10-17 14:52:01,0,0,00:00:00,00:00:00
2012-10-17 14:53:01,0,0,00:00:00,00:00:00
2012-10-17 14:54:01,0,0,00:00:00,00:00:00
2012-10-17 14:55:01,0,0,00:00:00,00:00:00
2012-10-17 14:56:01,0,0,00:00:00,00:00:00
2012-10-17 14:57:01,0,0,00:00:00,00:00:00
2012-10-17 14:58:01,0,0,00:00:00,00:00:00
2012-10-17 14:59:01,0,0,00:00:00,00:00:00
2012-10-17 15:00:01,0,0,00:00:00,00:00:00
2012-10-17 15:01:01,0,0,00:00:00,00:00:00
2012-10-17 15:02:02,0,0,00:00:00,00:00:00
2012-10-17 15:03:01,0,0,00:00:00,00:00:00
2012-10-17 15:04:01,0,0,00:00:00,00:00:00
2012-10-17 15:05:01,0,0,00:00:00,00:00:00
2012-10-17 15:06:01,0,0,00:00:00,00:00:00
2012-10-17 15:07:01,0,0,00:00:00,00:00:00
2012-10-17 15:08:01,0,0,00:00:00,00:00:00
2012-10-17 15:09:01,0,0,00:00:00,00:00:00
2012-10-17 15:10:01,0,0,00:00:00,00:00:00
2012-10-17 15:11:01,0,0,00:00:00,00:00:00
2012-10-17 15:12:01,0,0,00:00:00,00:00:00
2012-10-17 15:13:01,0,0,00:00:00,00:00:00
2012-10-17 15:14:02,0,0,00:00:00,00:00:00
2012-10-17 15:15:01,0,0,00:00:00,00:00:00
2012-10-17 15:16:01,0,0,00:00:00,00:00:00
2012-10-17 15:17:01,0,0,00:00:00,00:00:00
2012-10-17 15:18:01,0,0,00:00:00,00:00:00
2012-10-17 15:19:01,0,0,00:00:00,00:00:00
2012-10-17 15:20:01,0,0,00:00:00,00:00:00
2012-10-17 15:21:01,0,0,00:00:00,00:00:00
2012-10-17 15:22:01,0,0,00:00:00,00:00:00
2012-10-17 15:23:01,0,0,00:00:00,00:00:00
2012-10-17 15:24:01,0,0,00:00:00,00:00:00
2012-10-17 15:25:01,0,0,00:00:00,00:00:01
2012-10-17 15:26:01,0,0,00:00:00,00:00:00
2012-10-17 15:27:01,0,0,00:00:00,00:00:00
2012-10-17 15:28:01,0,0,00:00:00,00:00:00
2012-10-17 15:29:01,0,0,00:00:00,00:00:00
2012-10-17 15:30:01,0,0,00:00:00,00:00:00
2012-10-17 15:31:01,0,0,00:00:00,00:00:00
2012-10-17 15:32:01,0,0,00:00:00,00:00:00
2012-10-17 15:33:01,0,0,00:00:00,00:00:00
2012-10-17 15:34:01,0,0,00:00:00,00:00:00
2012-10-17 15:35:01,0,0,00:00:00,00:00:00
2012-10-17 15:36:01,0,0,00:00:00,00:00:00
2012-10-17 15:37:02,0,0,00:00:00,00:00:00
2012-10-17 15:38:01,0,0,00:00:00,00:00:00
2012-10-17 15:39:01,0,0,00:00:00,00:00:00
2012-10-17 15:40:01,0,0,00:00:00,00:00:00
2012-10-17 15:41:01,0,0,00:00:00,00:00:00
2012-10-17 15:42:01,0,0,00:00:00,00:00:00
2012-10-17 15:43:01,0,0,00:00:00,00:00:00
2012-10-17 15:44:01,0,0,00:00:00,00:00:00
2012-10-17 15:45:01,0,0,00:00:00,00:00:00
2012-10-17 15:46:01,0,0,00:00:00,00:00:00
2012-10-17 15:47:01,0,0,00:00:00,00:00:00
2012-10-17 15:48:02,0,0,00:00:00,00:00:00
2012-10-17 15:49:01,0,0,00:00:00,00:00:00
2012-10-17 15:50:01,0,0,00:00:00,00:00:00
2012-10-17 15:51:01,0,0,00:00:00,00:00:00
2012-10-17 15:52:01,0,0,00:00:00,00:00:00
2012-10-17 15:53:01,0,0,00:00:00,00:00:00
2012-10-17 15:54:01,0,0,00:00:00,00:00:00
2012-10-17 15:55:01,0,0,00:00:00,00:00:00
2012-10-17 15:56:01,0,0,00:00:00,00:00:00
2012-10-17 15:57:01,0,0,00:00:00,00:00:00
2012-10-17 15:58:01,0,0,00:00:00,00:00:00
2012-10-17 15:59:01,0,0,00:00:00,00:00:00
2012-10-17 16:00:01,0,0,00:00:00,00:00:00
2012-10-17 16:01:01,0,0,00:00:00,00:00:00
2012-10-17 16:02:01,0,0,00:00:00,00:00:00
2012-10-17 16:03:01,0,0,00:00:00,00:00:00
2012-10-17 16:04:01,0,0,00:00:00,00:00:00
2012-10-17 16:05:01,0,0,00:00:00,00:00:00
2012-10-17 16:06:01,0,0,00:00:00,00:00:00
2012-10-17 16:07:01,0,0,00:00:00,00:00:00
2012-10-17 16:08:01,0,0,00:00:00,00:00:00
2012-10-17 16:09:01,0,0,00:00:00,00:00:00
2012-10-17 16:10:01,0,0,00:00:00,00:00:00
2012-10-17 16:11:02,0,0,00:00:00,00:00:00
2012-10-17 16:12:01,0,0,00:00:00,00:00:00
2012-10-17 16:13:01,0,0,00:00:00,00:00:00
2012-10-17 16:14:01,0,0,00:00:00,00:00:00
2012-10-17 16:15:01,0,0,00:00:00,00:00:00
2012-10-17 16:16:01,0,0,00:00:00,00:00:00
2012-10-17 16:17:01,0,0,00:00:00,00:00:00
2012-10-17 16:18:01,0,0,00:00:00,00:00:00
2012-10-17 16:19:01,0,0,00:00:00,00:00:00
2012-10-17 16:20:01,0,0,00:00:00,00:00:00
2012-10-17 16:21:01,0,0,00:00:00,00:00:00
2012-10-17 16:22:01,0,0,00:00:00,00:00:01
2012-10-17 16:23:01,0,0,00:00:00,00:00:00
2012-10-17 16:24:01,0,0,00:00:00,00:00:00
2012-10-17 16:25:01,0,0,00:00:00,00:00:00
2012-10-17 16:26:01,0,0,00:00:00,00:00:00
2012-10-17 16:27:01,0,0,00:00:00,00:00:00
2012-10-17 16:28:01,0,0,00:00:00,00:00:00
2012-10-17 16:29:01,0,0,00:00:00,00:00:00
2012-10-17 16:30:01,0,0,00:00:00,00:00:00
2012-10-17 16:31:01,0,0,00:00:00,00:00:00
2012-10-17 16:32:01,0,0,00:00:00,00:00:00
2012-10-17 16:33:01,0,0,00:00:00,00:00:00
2012-10-17 16:34:02,0,0,00:00:00,00:00:00
2012-10-17 16:35:01,0,0,00:00:00,00:00:00
2012-10-17 16:36:01,0,0,00:00:00,00:00:00
2012-10-17 16:37:01,0,0,00:00:00,00:00:00
2012-10-17 16:38:01,0,0,00:00:00,00:00:00
2012-10-17 16:39:01,0,0,00:00:00,00:00:00
2012-10-17 16:40:01,0,0,00:00:00,00:00:00
2012-10-17 16:41:01,0,0,00:00:00,00:00:00
2012-10-17 16:42:01,0,0,00:00:00,00:00:00
2012-10-17 16:43:01,0,0,00:00:00,00:00:00
2012-10-17 16:44:01,0,0,00:00:00,00:00:00
2012-10-17 16:45:02,0,0,00:00:00,00:00:00
2012-10-17 16:46:01,0,0,00:00:00,00:00:00
2012-10-17 16:47:01,0,0,00:00:00,00:00:00
2012-10-17 16:48:01,0,0,00:00:00,00:00:00
2012-10-17 16:49:01,0,0,00:00:00,00:00:00
2012-10-17 16:50:01,0,0,00:00:00,00:00:00
2012-10-17 16:51:01,0,0,00:00:00,00:00:00
2012-10-17 16:52:01,0,0,00:00:00,00:00:00
2012-10-17 16:53:01,0,0,00:00:00,00:00:00
2012-10-17 16:54:01,0,0,00:00:00,00:00:00
2012-10-17 16:55:01,0,0,00:00:00,00:00:00
2012-10-17 16:56:01,0,0,00:00:00,00:00:00
2012-10-17 16:57:02,0,0,00:00:00,00:00:00
2012-10-17 16:58:01,0,0,00:00:00,00:00:00
2012-10-17 16:59:01,0,0,00:00:00,00:00:00
2012-10-17 17:00:01,0,0,00:00:00,00:00:00
2012-10-17 17:01:01,0,0,00:00:00,00:00:00
2012-10-17 17:02:01,0,0,00:00:00,00:00:00
2012-10-17 17:03:01,0,0,00:00:00,00:00:00
2012-10-17 17:04:01,0,0,00:00:00,00:00:00
2012-10-17 17:05:01,0,0,00:00:00,00:00:00
2012-10-17 17:06:01,0,0,00:00:00,00:00:00
2012-10-17 17:07:01,0,0,00:00:00,00:00:00
2012-10-17 17:08:02,0,0,00:00:00,00:00:00
2012-10-17 17:09:01,0,0,00:00:00,00:00:00
2012-10-17 17:10:01,0,0,00:00:00,00:00:00
2012-10-17 17:11:01,0,0,00:00:00,00:00:00
2012-10-17 17:12:01,0,0,00:00:00,00:00:00
2012-10-17 17:13:01,0,0,00:00:00,00:00:00
2012-10-17 17:14:01,0,0,00:00:00,00:00:00
2012-10-17 17:15:01,0,0,00:00:00,00:00:00
2012-10-17 17:16:01,0,0,00:00:00,00:00:00
2012-10-17 17:17:01,0,0,00:00:00,00:00:00
2012-10-17 17:18:01,0,0,00:00:00,00:00:00
2012-10-17 17:19:01,0,0,00:00:00,00:00:00
2012-10-17 17:20:02,0,0,00:00:00,00:00:00
2012-10-17 17:21:01,0,0,00:00:00,00:00:00
2012-10-17 17:22:01,0,0,00:00:00,00:00:00
2012-10-17 17:23:01,0,0,00:00:00,00:00:00
2012-10-17 17:24:01,0,0,00:00:00,00:00:00
2012-10-17 17:25:01,0,0,00:00:00,00:00:00
2012-10-17 17:26:01,0,0,00:00:00,00:00:00
2012-10-17 17:27:01,0,0,00:00:00,00:00:00
2012-10-17 17:28:01,0,0,00:00:00,00:00:00
2012-10-17 17:29:01,0,0,00:00:00,00:00:00
2012-10-17 17:30:01,0,0,00:00:00,00:00:00
2012-10-17 17:31:02,0,0,00:00:00,00:00:00
2012-10-17 17:32:01,0,0,00:00:00,00:00:00
2012-10-17 17:33:01,0,0,00:00:00,00:00:00
2012-10-17 17:34:01,0,0,00:00:00,00:00:00
2012-10-17 17:35:01,0,0,00:00:00,00:00:00
2012-10-17 17:36:01,0,0,00:00:00,00:00:00
2012-10-17 17:37:01,0,0,00:00:00,00:00:00
2012-10-17 17:38:01,0,0,00:00:00,00:00:00
2012-10-17 17:39:01,0,0,00:00:00,00:00:00
2012-10-17 17:40:01,0,0,00:00:00,00:00:00
2012-10-17 17:41:01,0,0,00:00:00,00:00:00
2012-10-17 17:42:01,0,0,00:00:00,00:00:01
2012-10-17 17:43:01,0,0,00:00:00,00:00:00
2012-10-17 17:44:01,0,0,00:00:00,00:00:00
2012-10-17 17:45:01,0,0,00:00:00,00:00:00
2012-10-17 17:46:01,0,0,00:00:00,00:00:00
2012-10-17 17:47:01,0,0,00:00:00,00:00:00
2012-10-17 17:48:01,0,0,00:00:00,00:00:00
2012-10-17 17:49:01,0,0,00:00:00,00:00:00
2012-10-17 17:50:01,0,0,00:00:00,00:00:00
2012-10-17 17:51:01,0,0,00:00:00,00:00:00
2012-10-17 17:52:01,0,0,00:00:00,00:00:00
2012-10-17 17:53:01,0,0,00:00:00,00:00:00
2012-10-17 17:54:02,0,0,00:00:00,00:00:00
2012-10-17 17:55:01,0,0,00:00:00,00:00:00
2012-10-17 17:56:01,0,0,00:00:00,00:00:00
2012-10-17 17:57:01,0,0,00:00:00,00:00:00
2012-10-17 17:58:01,0,0,00:00:00,00:00:00
2012-10-17 17:59:01,0,0,00:00:00,00:00:00
2012-10-17 18:00:01,0,0,00:00:00,00:00:00
2012-10-17 18:01:01,0,0,00:00:00,00:00:00
2012-10-17 18:02:01,0,0,00:00:00,00:00:00
2012-10-17 18:03:01,0,0,00:00:00,00:00:00
2012-10-17 18:04:01,0,0,00:00:00,00:00:00
2012-10-17 18:05:01,0,0,00:00:00,00:00:00
2012-10-17 18:06:02,0,0,00:00:00,00:00:00
2012-10-17 18:07:01,0,0,00:00:00,00:00:00
2012-10-17 18:08:01,0,0,00:00:00,00:00:00
2012-10-17 18:09:01,0,0,00:00:00,00:00:00
2012-10-17 18:10:01,0,0,00:00:00,00:00:00
2012-10-17 18:11:01,0,0,00:00:00,00:00:00
2012-10-17 18:12:01,0,0,00:00:00,00:00:00
2012-10-17 18:13:01,0,0,00:00:00,00:00:00
2012-10-17 18:14:01,0,0,00:00:00,00:00:00
2012-10-17 18:15:01,0,0,00:00:00,00:00:00
2012-10-17 18:16:01,0,0,00:00:00,00:00:00
2012-10-17 18:17:02,0,0,00:00:00,00:00:00
2012-10-17 18:18:01,0,0,00:00:00,00:00:00
2012-10-17 18:19:01,0,0,00:00:00,00:00:00
2012-10-17 18:20:01,0,0,00:00:00,00:00:00
2012-10-17 18:21:01,0,0,00:00:00,00:00:00
2012-10-17 18:22:01,0,0,00:00:00,00:00:00
2012-10-17 18:23:01,0,0,00:00:00,00:00:00
2012-10-17 18:24:01,0,0,00:00:00,00:00:00
2012-10-17 18:25:01,0,0,00:00:00,00:00:00
2012-10-17 18:26:01,0,0,00:00:00,00:00:00
2012-10-17 18:27:01,0,0,00:00:00,00:00:00
2012-10-17 18:28:02,0,0,00:00:00,00:00:00
2012-10-17 18:29:01,0,0,00:00:00,00:00:00
2012-10-17 18:30:01,0,0,00:00:00,00:00:00
2012-10-17 18:31:01,0,0,00:00:00,00:00:00
2012-10-17 18:32:01,0,0,00:00:00,00:00:00
2012-10-17 18:33:01,0,0,00:00:00,00:00:00
2012-10-17 18:34:01,0,0,00:00:00,00:00:00
2012-10-17 18:35:01,0,0,00:00:00,00:00:00
2012-10-17 18:36:01,0,0,00:00:00,00:00:00
2012-10-17 18:37:01,0,0,00:00:00,00:00:00
2012-10-17 18:38:01,0,0,00:00:00,00:00:00
2012-10-17 18:39:01,0,0,00:00:00,00:00:00
2012-10-17 18:40:01,0,0,00:00:00,00:00:00
2012-10-17 18:41:01,0,0,00:00:00,00:00:00
2012-10-17 18:42:01,0,0,00:00:00,00:00:00
2012-10-17 18:43:01,0,0,00:00:00,00:00:00
2012-10-17 18:44:01,0,0,00:00:00,00:00:00
2012-10-17 18:45:01,0,0,00:00:00,00:00:00
2012-10-17 18:46:01,0,0,00:00:00,00:00:00
2012-10-17 18:47:01,0,0,00:00:00,00:00:00
2012-10-17 18:48:01,0,0,00:00:00,00:00:00
2012-10-17 18:49:01,0,0,00:00:00,00:00:00
2012-10-17 18:50:01,0,0,00:00:00,00:00:00
2012-10-17 18:51:02,0,0,00:00:00,00:00:00
2012-10-17 18:52:01,0,0,00:00:00,00:00:00
2012-10-17 18:53:01,0,0,00:00:00,00:00:00
2012-10-17 18:54:01,0,0,00:00:00,00:00:00
2012-10-17 18:55:01,0,0,00:00:00,00:00:00
2012-10-17 18:56:01,0,0,00:00:00,00:00:00
2012-10-17 18:57:01,0,0,00:00:00,00:00:00
2012-10-17 18:58:01,0,0,00:00:00,00:00:00
2012-10-17 18:59:01,0,0,00:00:00,00:00:00
2012-10-17 19:00:01,0,0,00:00:00,00:00:00
2012-10-17 19:01:01,0,0,00:00:00,00:00:00
2012-10-17 19:02:02,0,0,00:00:00,00:00:00
2012-10-17 19:03:01,0,0,00:00:00,00:00:00
2012-10-17 19:04:01,0,0,00:00:00,00:00:00
2012-10-17 19:05:01,0,0,00:00:00,00:00:00
2012-10-17 19:06:01,0,0,00:00:00,00:00:00
2012-10-17 19:07:01,0,0,00:00:00,00:00:00
2012-10-17 19:08:01,0,0,00:00:00,00:00:00
2012-10-17 19:09:01,0,0,00:00:00,00:00:00
2012-10-17 19:10:01,0,0,00:00:00,00:00:00
2012-10-17 19:11:01,0,0,00:00:00,00:00:00
2012-10-17 19:12:01,0,0,00:00:00,00:00:00
2012-10-17 19:13:01,0,0,00:00:00,00:00:00
2012-10-17 19:14:01,0,0,00:00:00,00:00:00
2012-10-17 19:15:01,0,0,00:00:00,00:00:00
2012-10-17 19:16:01,0,0,00:00:00,00:00:00
2012-10-17 19:17:01,0,0,00:00:00,00:00:00
2012-10-17 19:18:01,0,0,00:00:00,00:00:00
2012-10-17 19:19:01,0,0,00:00:00,00:00:00
2012-10-17 19:20:01,0,0,00:00:00,00:00:00
2012-10-17 19:21:01,0,0,00:00:00,00:00:00
2012-10-17 19:22:01,0,0,00:00:00,00:00:00
2012-10-17 19:23:01,0,0,00:00:00,00:00:00
2012-10-17 19:24:01,0,0,00:00:00,00:00:00
2012-10-17 19:25:01,0,0,00:00:00,00:00:00
2012-10-17 19:26:01,0,0,00:00:00,00:00:00
2012-10-17 19:27:01,0,0,00:00:00,00:00:00
2012-10-17 19:28:01,0,0,00:00:00,00:00:00
2012-10-17 19:29:01,0,0,00:00:00,00:00:00
2012-10-17 19:30:01,0,0,00:00:00,00:00:00
2012-10-17 19:31:01,0,0,00:00:00,00:00:00
2012-10-17 19:32:01,0,0,00:00:00,00:00:00
2012-10-17 19:33:01,0,0,00:00:00,00:00:00
2012-10-17 19:34:01,0,0,00:00:00,00:00:00
2012-10-17 19:35:01,0,0,00:00:00,00:00:01
2012-10-17 19:36:01,0,0,00:00:00,00:00:00
2012-10-17 19:37:01,0,0,00:00:00,00:00:00
2012-10-17 19:38:01,0,0,00:00:00,00:00:00
2012-10-17 19:39:01,0,0,00:00:00,00:00:00
2012-10-17 19:40:01,0,0,00:00:00,00:00:00
2012-10-17 19:41:01,0,0,00:00:00,00:00:00
2012-10-17 19:42:01,0,0,00:00:00,00:00:00
2012-10-17 19:43:01,0,0,00:00:00,00:00:00
2012-10-17 19:44:01,0,0,00:00:00,00:00:00
2012-10-17 19:45:01,0,0,00:00:00,00:00:00
2012-10-17 19:46:02,0,0,00:00:00,00:00:00
2012-10-17 19:47:01,0,0,00:00:00,00:00:00
2012-10-17 19:48:01,0,0,00:00:00,00:00:00
2012-10-17 19:49:01,0,0,00:00:00,00:00:00
2012-10-17 19:50:01,0,0,00:00:00,00:00:00
2012-10-17 19:51:01,0,0,00:00:00,00:00:00
2012-10-17 19:52:01,0,0,00:00:00,00:00:00
2012-10-17 19:53:01,0,0,00:00:00,00:00:00
2012-10-17 19:54:01,0,0,00:00:00,00:00:00
2012-10-17 19:55:01,0,0,00:00:00,00:00:00
2012-10-17 19:56:01,0,0,00:00:00,00:00:00
2012-10-17 19:57:02,0,0,00:00:00,00:00:00
2012-10-17 19:58:01,0,0,00:00:00,00:00:00
2012-10-17 19:59:01,0,0,00:00:00,00:00:00
2012-10-17 20:00:01,0,0,00:00:00,00:00:00
2012-10-17 20:01:01,0,0,00:00:00,00:00:00
2012-10-17 20:02:01,0,0,00:00:00,00:00:00
2012-10-17 20:03:01,0,0,00:00:00,00:00:00
2012-10-17 20:04:01,0,0,00:00:00,00:00:00
2012-10-17 20:05:01,0,0,00:00:00,00:00:00
2012-10-17 20:06:01,0,0,00:00:00,00:00:00
2012-10-17 20:07:01,0,0,00:00:00,00:00:00
2012-10-17 20:08:02,0,0,00:00:00,00:00:00
2012-10-17 20:09:01,0,0,00:00:00,00:00:00
2012-10-17 20:10:01,0,0,00:00:00,00:00:00
2012-10-17 20:11:01,0,0,00:00:00,00:00:00
2012-10-17 20:12:01,0,0,00:00:00,00:00:00
2012-10-17 20:13:01,0,0,00:00:00,00:00:00
2012-10-17 20:14:01,0,0,00:00:00,00:00:00
2012-10-17 20:15:01,0,0,00:00:00,00:00:00
2012-10-17 20:16:01,0,0,00:00:00,00:00:00
2012-10-17 20:17:01,0,0,00:00:00,00:00:00
2012-10-17 20:18:01,0,0,00:00:00,00:00:00
2012-10-17 20:19:01,0,0,00:00:00,00:00:00
2012-10-17 20:20:02,0,0,00:00:00,00:00:00
2012-10-17 20:21:01,0,0,00:00:00,00:00:00
2012-10-17 20:22:01,0,0,00:00:00,00:00:00
2012-10-17 20:23:01,0,0,00:00:00,00:00:00
2012-10-17 20:24:01,0,0,00:00:00,00:00:00
2012-10-17 20:25:01,0,0,00:00:00,00:00:00
2012-10-17 20:26:01,0,0,00:00:00,00:00:00
2012-10-17 20:27:01,0,0,00:00:00,00:00:00
2012-10-17 20:28:01,0,0,00:00:00,00:00:00
2012-10-17 20:29:01,0,0,00:00:00,00:00:00
2012-10-17 20:30:01,0,0,00:00:00,00:00:01
2012-10-17 20:31:01,0,0,00:00:00,00:00:00
2012-10-17 20:32:01,0,0,00:00:00,00:00:00
2012-10-17 20:33:01,0,0,00:00:00,00:00:00
2012-10-17 20:34:01,0,0,00:00:00,00:00:00
2012-10-17 20:35:01,0,0,00:00:00,00:00:00
2012-10-17 20:36:01,0,0,00:00:00,00:00:00
2012-10-17 20:37:01,0,0,00:00:00,00:00:00
2012-10-17 20:38:01,0,0,00:00:00,00:00:00
2012-10-17 20:39:01,0,0,00:00:00,00:00:00
2012-10-17 20:40:01,0,0,00:00:00,00:00:00
2012-10-17 20:41:01,0,0,00:00:00,00:00:00
2012-10-17 20:42:02,0,0,00:00:00,00:00:00
2012-10-17 20:43:01,0,0,00:00:00,00:00:00
2012-10-17 20:44:01,0,0,00:00:00,00:00:00
2012-10-17 20:45:01,0,0,00:00:00,00:00:00
2012-10-17 20:46:01,0,0,00:00:00,00:00:00
2012-10-17 20:47:01,0,0,00:00:00,00:00:00
2012-10-17 20:48:01,0,0,00:00:00,00:00:00
2012-10-17 20:49:01,0,0,00:00:00,00:00:00
2012-10-17 20:50:01,0,0,00:00:00,00:00:00
2012-10-17 20:51:01,0,0,00:00:00,00:00:00
2012-10-17 20:52:01,0,0,00:00:00,00:00:00
2012-10-17 20:53:02,0,0,00:00:00,00:00:00
2012-10-17 20:54:01,0,0,00:00:00,00:00:00
2012-10-17 20:55:01,0,0,00:00:00,00:00:00
2012-10-17 20:56:01,0,0,00:00:00,00:00:00
2012-10-17 20:57:01,0,0,00:00:00,00:00:00
2012-10-17 20:58:01,0,0,00:00:00,00:00:00
2012-10-17 20:59:01,0,0,00:00:00,00:00:00
2012-10-17 21:00:01,0,0,00:00:00,00:00:00
2012-10-17 21:01:01,0,0,00:00:00,00:00:00
2012-10-17 21:02:01,0,0,00:00:00,00:00:00
2012-10-17 21:03:01,0,0,00:00:00,00:00:00
2012-10-17 21:04:02,0,0,00:00:00,00:00:00
2012-10-17 21:05:01,0,0,00:00:00,00:00:00
2012-10-17 21:06:01,0,0,00:00:00,00:00:00
2012-10-17 21:07:01,0,0,00:00:00,00:00:00
2012-10-17 21:08:01,0,0,00:00:00,00:00:00
2012-10-17 21:09:01,0,0,00:00:00,00:00:00
2012-10-17 21:10:01,0,0,00:00:00,00:00:00
2012-10-17 21:11:01,0,0,00:00:00,00:00:00
2012-10-17 21:12:01,0,0,00:00:00,00:00:00
2012-10-17 21:13:01,0,0,00:00:00,00:00:00
2012-10-17 21:14:01,0,0,00:00:00,00:00:01
2012-10-17 21:15:01,0,0,00:00:00,00:00:00
2012-10-17 21:16:01,0,0,00:00:00,00:00:00
2012-10-17 21:17:01,0,0,00:00:00,00:00:00
2012-10-17 21:18:01,0,0,00:00:00,00:00:00
2012-10-17 21:19:01,0,0,00:00:00,00:00:00
2012-10-17 21:20:01,0,0,00:00:00,00:00:00
2012-10-17 21:21:01,0,0,00:00:00,00:00:00
2012-10-17 21:22:01,0,0,00:00:00,00:00:00
2012-10-17 21:23:01,0,0,00:00:00,00:00:00
2012-10-17 21:24:01,0,0,00:00:00,00:00:00
2012-10-17 21:25:02,0,0,00:00:00,00:00:00
2012-10-17 21:26:01,0,0,00:00:00,00:00:00
2012-10-17 21:27:01,0,0,00:00:00,00:00:00
2012-10-17 21:28:01,0,0,00:00:00,00:00:00
2012-10-17 21:29:01,0,0,00:00:00,00:00:00
2012-10-17 21:30:01,0,0,00:00:00,00:00:00
2012-10-17 21:31:01,0,0,00:00:00,00:00:00
2012-10-17 21:32:01,0,0,00:00:00,00:00:00
2012-10-17 21:33:01,0,0,00:00:00,00:00:00
2012-10-17 21:34:01,0,0,00:00:00,00:00:00
2012-10-17 21:35:01,0,0,00:00:00,00:00:00
2012-10-17 21:36:02,0,0,00:00:00,00:00:00
2012-10-17 21:37:01,0,0,00:00:00,00:00:00
2012-10-17 21:38:01,0,0,00:00:00,00:00:00
2012-10-17 21:39:01,0,0,00:00:00,00:00:00
2012-10-17 21:40:01,0,0,00:00:00,00:00:00
2012-10-17 21:41:01,0,0,00:00:00,00:00:00
2012-10-17 21:42:01,0,0,00:00:00,00:00:00
2012-10-17 21:43:01,0,0,00:00:00,00:00:00
2012-10-17 21:44:01,0,0,00:00:00,00:00:00
2012-10-17 21:45:02,0,0,00:00:00,00:00:00
2012-10-17 21:46:01,0,0,00:00:00,00:00:00
2012-10-17 21:47:01,0,0,00:00:00,00:00:00
2012-10-17 21:48:01,0,0,00:00:00,00:00:00
2012-10-17 21:49:01,0,0,00:00:00,00:00:00
2012-10-17 21:50:01,0,0,00:00:00,00:00:00
2012-10-17 21:51:01,0,0,00:00:00,00:00:00
2012-10-17 21:52:01,0,0,00:00:00,00:00:00
2012-10-17 21:53:01,0,0,00:00:00,00:00:00
2012-10-17 21:54:01,0,0,00:00:00,00:00:00
2012-10-17 21:55:01,0,0,00:00:00,00:00:00
2012-10-17 21:56:02,0,0,00:00:00,00:00:00
2012-10-17 21:57:01,0,0,00:00:00,00:00:00
2012-10-17 21:58:01,0,0,00:00:00,00:00:00
2012-10-17 21:59:01,0,0,00:00:00,00:00:00
2012-10-17 22:00:01,0,0,00:00:00,00:00:00
2012-10-17 22:01:01,0,0,00:00:00,00:00:00
2012-10-17 22:02:01,0,0,00:00:00,00:00:00
2012-10-17 22:03:01,0,0,00:00:00,00:00:00
2012-10-17 22:04:01,0,0,00:00:00,00:00:00
2012-10-17 22:05:01,0,0,00:00:00,00:00:00
2012-10-17 22:06:01,0,0,00:00:00,00:00:01
2012-10-17 22:07:01,0,171329,00:00:00,00:00:00
2012-10-17 22:08:01,0,171329,00:00:00,00:00:00
2012-10-17 22:09:01,0,171329,00:00:00,00:00:00
2012-10-17 22:10:01,0,171329,00:00:00,00:00:00
2012-10-17 22:11:01,0,171329,00:00:00,00:00:01
2012-10-17 22:12:01,0,171329,00:00:00,00:00:00
2012-10-17 22:13:01,0,171329,00:00:00,00:00:00
2012-10-17 22:14:01,0,171329,00:00:00,00:00:00
2012-10-17 22:15:01,0,171329,00:00:00,00:00:00
2012-10-17 22:16:01,0,171329,00:00:00,00:00:00
2012-10-17 22:17:02,0,171329,00:00:00,00:00:00
2012-10-17 22:18:01,0,171329,00:00:00,00:00:00
2012-10-17 22:19:01,0,171329,00:00:00,00:00:00
2012-10-17 22:20:01,0,171329,00:00:00,00:00:00
2012-10-17 22:21:01,0,171329,00:00:00,00:00:00
2012-10-17 22:22:01,0,171329,00:00:00,00:00:00
2012-10-17 22:23:01,0,171329,00:00:00,00:00:00
2012-10-17 22:24:01,0,171329,00:00:00,00:00:00
2012-10-17 22:25:01,0,171329,00:00:00,00:00:00
2012-10-17 22:26:01,0,171329,00:00:00,00:00:00
2012-10-17 22:27:01,0,171329,00:00:00,00:00:00
2012-10-17 22:28:01,0,171329,00:00:00,00:00:00
2012-10-17 22:29:01,0,171329,00:00:00,00:00:00
2012-10-17 22:30:01,5,171324,00:24:58,00:00:00
2012-10-17 22:31:01,0,169926,00:00:00,00:00:00
2012-10-17 22:32:01,0,169524,00:00:00,00:00:00
2012-10-17 22:33:01,0,167804,00:00:00,00:00:00
2012-10-17 22:34:01,0,167724,00:00:00,00:00:00
2012-10-17 22:35:02,0,166005,00:00:00,00:00:00
2012-10-17 22:36:01,0,165924,00:00:00,00:00:00
2012-10-17 22:37:01,0,164563,00:00:00,00:00:00
2012-10-17 22:38:02,0,164124,00:00:00,00:00:00
2012-10-17 22:39:01,0,162485,00:00:00,00:00:00
2012-10-17 22:40:01,0,162324,00:00:00,00:00:01
2012-10-17 22:41:01,0,161187,00:00:00,00:00:00
2012-10-17 22:42:01,0,160524,00:00:00,00:00:00
2012-10-17 22:43:01,0,159167,00:00:00,00:00:00
2012-10-17 22:44:01,0,158724,00:00:00,00:00:00
2012-10-17 22:45:01,0,156990,00:00:00,00:00:00
2012-10-17 22:46:01,0,156924,00:00:00,00:00:00
2012-10-17 22:47:02,0,155220,00:00:00,00:00:00
2012-10-17 22:48:01,0,155124,00:00:00,00:00:00
2012-10-17 22:49:01,0,153406,00:00:00,00:00:00
2012-10-17 22:50:01,0,153324,00:00:00,00:00:00
2012-10-17 22:51:01,0,151765,00:00:00,00:00:00
2012-10-17 22:52:01,0,151524,00:00:00,00:00:01
2012-10-17 22:53:01,0,149849,00:00:00,00:00:00
2012-10-17 22:54:01,0,149724,00:00:00,00:00:00
2012-10-17 22:55:02,0,148378,00:00:00,00:00:00
2012-10-17 22:56:01,0,147924,00:00:00,00:00:00
2012-10-17 22:57:01,0,146275,00:00:00,00:00:01
2012-10-17 22:58:01,0,146124,00:00:00,00:00:00
2012-10-17 22:59:01,0,144535,00:00:00,00:00:00
2012-10-17 23:00:01,0,144324,00:00:00,00:00:00
2012-10-17 23:01:01,0,142636,00:00:00,00:00:00
2012-10-17 23:02:01,0,142524,00:00:00,00:00:00
2012-10-17 23:03:01,0,141109,00:00:00,00:00:00
2012-10-17 23:04:01,0,140724,00:00:00,00:00:01
2012-10-17 23:05:01,0,139026,00:00:00,00:00:00
2012-10-17 23:06:01,0,138924,00:00:00,00:00:00
2012-10-17 23:07:01,0,137380,00:00:00,00:00:00
2012-10-17 23:08:01,0,137124,00:00:00,00:00:00
2012-10-17 23:09:01,0,135376,00:00:00,00:00:00
2012-10-17 23:10:01,0,135324,00:00:00,00:00:00
2012-10-17 23:11:01,0,134222,00:00:00,00:00:00
2012-10-17 23:12:01,0,133524,00:00:00,00:00:00
2012-10-17 23:13:01,0,132244,00:00:00,00:00:00
2012-10-17 23:14:01,0,131724,00:00:00,00:00:00
2012-10-17 23:15:01,0,130227,00:00:00,00:00:01
2012-10-17 23:16:01,0,129924,00:00:00,00:00:00
2012-10-17 23:17:01,0,128153,00:00:00,00:00:00
2012-10-17 23:18:01,0,128124,00:00:00,00:00:00
2012-10-17 23:19:01,0,126328,00:00:00,00:00:00
2012-10-17 23:20:01,0,126324,00:00:00,00:00:00
2012-10-17 23:21:01,0,124583,00:00:00,00:00:00
2012-10-17 23:22:01,0,124524,00:00:00,00:00:00
2012-10-17 23:23:01,0,122781,00:00:00,00:00:00
2012-10-17 23:24:01,0,122724,00:00:00,00:00:00
2012-10-17 23:25:01,0,121323,00:00:00,00:00:00
2012-10-17 23:26:01,0,120924,00:00:00,00:00:01
2012-10-17 23:27:01,0,119502,00:00:00,00:00:00
2012-10-17 23:28:01,0,119124,00:00:00,00:00:00
2012-10-17 23:29:01,0,117397,00:00:00,00:00:00
2012-10-17 23:30:01,0,117324,00:00:00,00:00:00
2012-10-17 23:31:01,0,115603,00:00:00,00:00:00
2012-10-17 23:32:01,0,115524,00:00:00,00:00:00
2012-10-17 23:33:01,0,113797,00:00:00,00:00:00
2012-10-17 23:34:02,0,113724,00:00:00,00:00:00
2012-10-17 23:35:01,0,112044,00:00:00,00:00:00
2012-10-17 23:36:01,0,111924,00:00:00,00:00:00
2012-10-17 23:37:01,0,110517,00:00:00,00:00:00
2012-10-17 23:38:01,0,110124,00:00:00,00:00:00
2012-10-17 23:39:01,0,108324,00:00:00,00:00:00
2012-10-17 23:40:01,0,106769,00:00:00,00:00:00
2012-10-17 23:41:01,0,106524,00:00:00,00:00:00
2012-10-17 23:42:01,0,104832,00:00:00,00:00:00
2012-10-17 23:43:01,0,104724,00:00:00,00:00:00
2012-10-17 23:44:01,0,102924,00:00:00,00:00:00
2012-10-17 23:45:02,0,101124,00:00:00,00:00:00
2012-10-17 23:46:01,0,99324,00:00:00,00:00:00
2012-10-17 23:47:01,0,97524,00:00:00,00:00:01
2012-10-17 23:48:01,0,95724,00:00:00,00:00:00
2012-10-17 23:49:01,0,93924,00:00:00,00:00:00
2012-10-17 23:50:01,0,92124,00:00:00,00:00:00
2012-10-17 23:51:01,0,90324,00:00:00,00:00:00
2012-10-17 23:52:01,0,88524,00:00:00,00:00:00
2012-10-17 23:53:01,0,86724,00:00:00,00:00:00
2012-10-17 23:54:01,0,84924,00:00:00,00:00:00
2012-10-17 23:55:01,0,83292,00:00:00,00:00:00
2012-10-17 23:56:01,0,83124,00:00:00,00:00:01
2012-10-17 23:57:01,0,81739,00:00:00,00:00:00
2012-10-17 23:58:01,0,81733,00:00:00,00:00:00
2012-10-17 23:59:01,0,81727,00:00:00,00:00:00
